Certification,FournisseurPlant,NbAltisePlan,NbChenilleObserve,Grosseur,EmplacementChenille,NbPlantsCecidomyie,StadeDommages,Maladie,NbPlantsMaladie,EmplacementMaladie,QuantiteMaladie,MaladieSecondaire,PresenceMaladieSecondaire,MaladieEmplacementSecondaire,QuantiteMaladieSecondaire,StadeAlternaria,CouleurPlant,Carence,AnneeProduction,QteSemencesMillegrains,PopulationViseeParHa,QtePlantsRequis,TypePlateaux,SurplusPourcent,NbrePlateauxTotal,SuperficieTotaleHa,SuperficieCultiveeHa,RendementLbParHa,NbPlantsObserves,StadeCulture,NbPlantsVersGris,PoidsNet,Rejet_AutresDefauts,RejetDeclassement,Rejet_Dimensions,Rejet_Matiere_Etrangere,FertilizerAmount,IrrigationArea,IrrigationDuration,PesticideAmount,duree_visee,duree_obtenue
1,0,0,3,4,4,0,2,2,0,4,0,1,0,3,3,1,0,0,2019,278,43055.64168,246278,288,0.1,907,6.5,5.72,29762.37,25,16,0,166493,0.56,0,0.78,0.27,2743,0,0,30.3875,67,66
1,0,0,3,4,4,0,2,2,0,4,0,1,0,3,3,1,0,0,2019,253,43055.64168,223924,288,0.12,825,5.91,5.2,29762.37,25,16,0,131038,0.1,0,0.3,0.3,2523.57,0,0,27.6293,67,68
1,0,0,3,4,4,0,2,2,0,4,0,1,0,3,3,1,0,0,2019,218,43055.64168,192855,288,0.12,710,5.09,4.48,29762.37,25,16,0,114629,0.66,0,0.98,0.31,2127.62,0,0,34.8918,66,73
1,0,0,3,4,4,1,0,2,0,4,0,1,0,3,3,1,0,0,2019,204,43055.64168,180730,288,0.05,666,4.77,4.2,29762.37,25,16,0,85336,0.35,0,1.14,0.24,1993.86,0,0,46.2929,65,71
1,0,0,3,4,4,0,2,2,0,4,0,1,0,3,3,1,0,0,2019,223,43055.64168,197780,288,0.05,728,5.22,4.59,29762.37,25,17,0,130737,0.87,0,0.32,0.29,2181.96,0,0,54.314,65,70
1,0,0,3,4,4,0,2,2,0,4,0,1,0,3,3,1,0,0,2019,238,43055.64168,210663,288,0.05,776,5.56,4.89,29762.37,25,16,0,158943,0.27,0,0.94,0.14,2318.52,0,0,66.1917,64,70
1,1,0,3,1,0,0,2,1,2,0,2,3,2,0,2,3,3,0,2019,0,28703.76112,57408,200,0,316,2,2,55115.5,25,12,0,106544,0.82,1.1,0.2,0,0,0,0,1.73,80,88
1,1,0,0,3,3,0,2,2,0,4,0,1,0,3,3,1,3,0,2019,0,28703.76112,57408,200,0,316,2,2,55115.5,25,8.5,0,46408,1.24,1.69,0.24,0,0,0,0,1.916,80,85
1,1,0,0,3,3,0,2,2,0,4,0,1,0,3,3,1,3,0,2019,0,28703.76112,57408,200,0,316,2,2,55115.5,25,8.5,0,208697,0.78,0.93,0.24,0,0,0,0,1.75,80,82
1,1,0,0,3,3,0,2,2,0,4,0,1,0,3,3,1,3,0,2019,0,28703.76112,57408,200,0,316,2,2,55115.5,25,8.5,0,4359,1.24,0.53,0.23,0,0,0,0,0,80,86
1,1,0,0,3,3,0,2,2,0,4,0,1,0,3,3,1,3,0,2019,0,28703.76112,57408,200,0,316,2,2,55115.5,25,8.5,0,44184,0.16,0.28,0.16,0,0,0,0,1.75,80,88
0,0,0,0,3,3,0,2,1,1,0,1,3,1,0,1,0,3,0,2019,280,43055.64168,243626,288,0.08,914,6.43,5.66,24250.82,25,13,0,37981,0.12,0,2.8,0.29,10001.96918,0,0,17.7726,69,76
0,0,0,0,3,3,0,2,1,2,0,2,1,0,3,3,3,3,0,2019,226,43055.64168,196644,288,0.08,738,5.19,4.57,24250.82,25,16,0,26777,0.1,0,2.8,0.29,10001.96918,0,0,13.4905,67,74
0,0,0,0,3,3,0,2,6,1,0,1,1,0,3,3,1,3,0,2019,192,43055.64168,170500,288,0.08,628,4.5,3.96,24250.82,25,15,0,64132,0.37,0,2.66,0.23,10001.96918,0,0,25.038,63,64
0,0,0,0,3,3,0,2,1,2,0,1,1,0,3,3,3,3,0,2019,45,43055.64168,40162,288,0.08,148,1.06,0.93,24250.82,25,15,0,16915,0.84,0,2.8,0.27,5636.3801,0,0,5.8978,67,74
0,0,0,0,3,3,0,2,1,2,0,1,1,0,3,3,3,3,0,2019,36,43055.64168,31448,288,0.08,116,0.83,0.73,24250.82,25,15,0,12652,0.11,0,2.8,0.4,4414.8591,0,0,4.6181,62,67
0,0,0,0,3,3,0,2,1,3,0,2,1,0,3,3,3,3,0,2019,264,43055.64168,229986,288,0.08,863,6.07,5.34,24250.82,25,16,0,102734,0.23,0,2.8,0.21,10001.96918,0,0,15.778,69,78
0,0,0,0,3,3,0,2,1,3,0,2,1,0,3,3,3,3,0,2019,214,43055.64168,185656,288,0.08,697,4.9,4.31,24250.82,25,16,0,44870,0.34,0,2.8,0.23,10001.96918,0,0,12.7367,68,76
0,0,0,0,3,3,1,1,2,0,4,0,1,0,3,3,1,3,0,2019,225,43055.64168,195886,288,0.08,735,5.17,4.55,24250.82,25,15,0,47888,0.48,0,2.8,0.17,10001.96918,0,0,13.4385,66,67
0,0,0,0,3,3,1,1,2,0,4,0,1,0,3,3,1,3,0,2019,247,43055.64168,214452,288,0.08,805,5.66,4.98,24250.82,25,16,0,60712,0.51,0,2.8,0.17,10001.96918,0,0,14.7122,67,76
0,0,0,0,3,3,0,2,2,0,4,0,1,0,3,3,1,3,0,2019,111,43055.64168,96617,288,0.12,363,2.55,2.24,24250.82,25,16,0,24729,0.69,0,2.8,0.14,10001.96918,0,0,6.6283,67,75
0,0,0,0,3,3,0,2,2,0,4,0,1,0,3,3,1,3,0,2019,172,43055.64168,149283,288,0.12,560,3.94,3.47,24250.82,25,16,0,30956,0.35,0,2.8,0.18,10001.96918,0,0,10.2413,67,76
0,0,0,0,3,3,0,2,2,0,4,0,1,0,3,3,1,3,0,2019,162,43055.64168,140947,288,0.08,529,3.72,3.27,24250.82,25,15,0,44462,0.4,0,2.8,0.18,10001.96918,0,0,9.6694,67,73
0,0,0,0,3,3,0,2,2,0,4,0,1,0,3,3,1,3,0,2019,123,43055.64168,107226,288,0.08,403,2.83,2.49,24250.82,25,9,0,28988,0.18,0,2.8,0.2,10001.96918,0,0,7.3561,67,71
0,0,2,3,1,0,0,2,2,0,4,0,1,0,3,3,1,3,0,2019,11,28703.76112,9599,231,0.08,65.5,0.585,0.6248,44092.4,25,9,0,7679,1.24,0.99,2.18,0,1981.492,0,0,3.2804,80,85
0,0,2,3,1,0,0,2,2,0,4,0,1,0,3,3,1,3,0,2019,11,28703.76112,9346,231,0.08,65.5,0.585,0.6248,44092.4,25,9,0,4734,0.49,1.793169399,0.8,0,1929.3474,0,0,3.1942,76,81
0,0,2,3,1,0,0,2,2,0,4,0,1,0,3,3,1,3,0,2019,13,28703.76112,10862,231,0.08,65.5,0.585,0.6248,44092.4,25,9,0,2565,0,0.7,2.48,0,2242.2146,0,0,3.7122,98,83
0,0,2,3,4,4,0,2,2,0,4,0,1,0,3,3,1,3,0,2019,185,28703.76112,155092,231,0.08,752,6.14,5.4,44092.4,25,11,0,127350,0.68,1.793169399,2.43,0,10001.96918,0,0,40.3331,89,98
0,0,2,3,4,4,0,2,2,0,4,0,1,0,3,3,1,3,0,2019,180,28703.76112,151051,231,0.08,733,5.98,5.26,44092.4,25,11,0,59128,1.17,1.793169399,2.8,0,10001.96918,0,0,51.6247,89,86
0,0,2,3,1,4,0,2,2,0,4,0,1,0,3,3,1,3,0,2019,166,28703.76112,139179,231,0.08,675,5.51,4.85,44092.4,25,9,0,118193,0.24,1.793169399,2.8,0,10001.96918,0,0,47.5672,89,90
0,0,2,3,1,4,0,2,2,0,4,0,1,0,3,3,1,3,0,2019,188,28703.76112,158123,231,0.06,767,6.26,5.51,44092.4,25,9,0,145530,0.11,1.793169399,2.8,0,10001.96918,0,0,54.0419,89,85
0,0,2,3,1,0,0,2,2,0,4,0,1,0,3,3,1,3,0,2019,130,28703.76112,108868,231,0.06,528,4.31,3.79,44092.4,25,8.5,0,52527,0.15,1.793169399,2.8,0,10001.96918,0,0,28.3119,100,113
0,0,0,3,1,0,0,2,0,2,0,2,3,2,0,1,1,3,0,2019,139,28703.76112,116698,231,0.12,566,4.62,4.07,44092.4,25,12,0,98617,0.93,1.793169399,0.57,0,10001.96918,0,0,42.1714,89,72
0,0,2,3,1,4,0,2,0,2,0,2,3,2,0,1,1,3,0,2019,93,28703.76112,78051,231,0.12,379,3.09,2.72,44092.4,25,12,0,65676,0.76,1.793169399,2.19,0,10001.96918,0,0,28.2056,89,76
0,0,2,3,1,4,0,2,0,2,0,2,3,2,0,1,1,3,0,2019,151,28703.76112,126297,231,0.08,613,5,4.4,44092.4,25,12,0,138237,0.44,1.793169399,2.69,0,10001.96918,0,0,45.64,89,78
0,0,2,3,1,0,0,2,0,2,0,2,1,0,3,3,1,3,0,2019,61,28703.76112,50771,231,0.08,247,2.01,1.77,44092.4,25,11,0,81991,0.76,1.793169399,1.98,0,10001.96918,0,0,17.352,90,89
0,0,2,3,1,0,0,2,0,2,0,2,1,0,3,3,1,3,0,2019,131,28703.76112,109878,231,0.08,533,4.35,3.83,44092.4,25,11,0,73542,0.87,1.793169399,0.93,0,10001.96918,0,0,37.5531,90,86
0,0,0,3,1,2,0,2,2,0,4,0,1,0,3,3,1,3,0,2019,223,43055.64168,194370,288,0.08,729,5.13,4.51,24250.82,25,14,0,62788,0.05,0,2.8,0.28,371.925,0,0,23.2286,66,70
0,0,0,3,1,2,0,2,2,0,4,0,1,0,3,3,1,3,0,2019,224,43055.64168,194749,288,0.08,731,5.14,4.52,24250.82,25,14,0,26477,0.11,0,2.8,0.33,372.65,0,0,23.274,66,72
0,0,0,3,1,2,0,2,2,0,4,0,1,0,3,3,1,3,0,2019,223,43055.64168,194370,288,0.08,729,5.13,4.51,24250.82,25,14,0,28306,0.06,0,2.8,0.21,365.256,0,0,23.2286,66,70
0,0,0,3,1,2,0,2,2,0,4,0,1,0,3,3,1,3,0,2019,239,43055.64168,208010,288,0.08,781,5.49,4.83,24250.82,25,14,0,31143,0.37,0,2.8,0.13,390.888,0,0,24.8588,66,72
0,0,0,3,1,2,0,2,2,0,4,0,1,0,3,3,1,3,0,2019,233,43055.64168,203085,288,0.08,762,5.36,4.72,24250.82,25,14,0,28046,0.36,0,2.8,0.16,381.632,0,0,24.27,65,69
0,0,0,3,1,2,0,2,2,0,4,0,1,0,3,3,1,3,0,2019,225,43055.64168,196265,288,0.08,736,5.18,4.56,24250.82,25,14,0,13318,0.44,0,2.8,0.12,355.866,0,0,23.455,65,67
0,0,0,0,3,3,0,2,1,2,0,1,1,0,3,3,1,3,0,2019,222,43055.64168,193234,288,0.08,725,5.1,4.49,24250.82,25,16,0,94067,0.32,0,2.8,0.23,1694.8842,0,0,9.1532,67,70
0,0,0,0,3,3,0,2,1,2,0,2,1,0,3,3,1,3,0,2019,210,43055.64168,183004,288,0.08,687,4.83,4.25,24250.82,25,16,0,75975,0.24,0,2.8,0.24,1605.155,0,0,8.6684,67,69
0,0,0,0,3,3,0,2,1,2,0,1,1,0,3,3,1,3,0,2019,214,43055.64168,186035,288,0.08,698,4.91,4.32,24250.82,25,15,0,47609,0.23,0,2.06,0.19,1631.7415,0,0,8.8121,67,69
0,0,0,0,3,3,0,2,1,3,0,2,1,0,3,3,1,3,0,2019,210,43055.64168,183004,288,0.08,687,4.83,4.25,24250.82,25,16,0,74424,0.4,0,2.71,0.22,1605.1551,0,0,8.6687,67,66
0,0,0,0,3,3,0,2,1,2,0,2,1,0,3,3,1,3,0,2019,168,43055.64168,145873,288,0.08,548,3.85,3.39,24250.82,25,15,0,67653,0.24,0,2.69,0.19,1279.4715,0,0,6.9098,66,65
0,0,0,3,4,4,0,2,2,0,4,0,1,0,3,3,1,0,0,2019,228,43055.64168,198159,288,0.08,744,5.23,4.6,24250.82,25,15,0,93562,0.33,0,2,0.14,47.07,0,0,9.3237,65,68
0,0,0,3,4,4,0,2,2,0,4,0,1,0,3,3,1,0,0,2019,229,43055.64168,198917,288,0.08,746,5.25,4.62,24250.82,25,15,0,96154,0.35,0,1.44,0.14,47.25,0,0,9.331,65,68
0,1,0,3,4,4,0,2,2,0,4,0,1,0,3,3,1,3,0,2019,0,7175.94028,0,145.5,0,65.5,1.54,1.54,24250.82,25,15,0,6819,1.11,0,1.25,0.14,15.75,0,0,3.157,36.5,50
0,0,2,3,1,4,0,2,0,2,0,2,3,2,0,1,1,3,0,2019,159,28703.76112,133369,231,0.08,647,5.28,4.65,44092.4,25,12,0,129085,0.81,1.02,1.77,0,52.8,0,0,18.6278,90,86
0,0,2,3,1,4,0,2,0,2,0,2,3,2,0,1,1,3,0,2019,159,28703.76112,133117,231,0.08,646,5.27,4.64,44092.4,25,12,0,90308,1.02,1.73,2.05,0,52.7,0,0,3.8366,90,85
0,0,0,0,3,3,0,2,1,1,3,1,1,0,3,3,3,3,0,2019,223,43055.64168,194370,288,0.08,729,5.13,4.51,24250.82,25,14,0,50506,0.13,0,2.8,0.36,46.17,0,0,34.6993,66,71
0,0,0,0,3,3,0,2,1,1,3,1,1,0,3,3,3,3,0,2019,200,43055.64168,174289,288,0.08,654,4.6,4.05,24250.82,25,14,0,48349,0.67,0,2,0.3,51.3,0,0,34.6993,66,63
0,0,0,0,3,3,0,2,1,1,3,1,1,0,3,3,3,3,0,2019,223,43055.64168,194370,288,0.08,729,5.13,4.51,24250.82,25,14,0,65451,0.64,0,2.49,0.34,46.17,0,0,34.6993,66,63
0,0,0,0,3,3,0,2,1,1,3,1,1,0,3,3,3,3,0,2019,221,43055.64168,192097,288,0.08,721,5.07,4.46,24250.82,25,14,0,65257,0.47,0,2.8,0.43,45.63,0,0,34.2935,66,69
0,0,0,3,1,0,0,2,4,1,0,1,1,0,3,3,1,3,0,2019,223,43055.64168,193613,288,0.08,727,5.11,4.5,24250.82,25,11,0,117538,0.61,0,1.11,0.13,250.4728,0,0,40.1034,66,64
0,0,0,3,1,0,0,2,4,1,0,1,1,0,3,3,1,3,0,2019,211,43055.64168,183383,288,0.08,688,4.84,4.26,24250.82,25,11,0,77113,0.67,0,1.37,0.15,237.3382,0,0,37.9844,66,63
0,0,0,3,1,0,0,2,4,1,0,1,1,0,3,3,1,3,0,2019,160,43055.64168,138674,288,0.08,521,3.66,3.22,24250.82,25,11,0,58270,0.93,0,1.82,0.12,179.3798,0,0,28.7236,66,64
0,0,0,3,1,0,0,2,4,1,0,1,1,0,3,3,1,3,0,2019,269,43055.64168,234154,288,0.08,879,6.18,5.44,24250.82,25,11,0,75148,0.44,0,1.37,0.14,303.9692,0,0,48.5006,65,67
0,0,0,3,1,0,0,2,0,2,0,2,3,2,0,1,1,3,0,2019,76,28703.76112,63906,231,0.08,310,2.53,2.23,44092.4,25,12,0,65245,0.73,1.49,2.08,0,25.3,0,0,12.0428,90,91
0,0,0,3,1,0,0,2,0,2,0,2,3,2,0,1,1,3,0,2019,73,28703.76112,60875,231,0.08,296,2.41,2.12,44092.4,25,12,0,52772,0.36,0.7,1.98,0,24.1,0,0,11.4716,90,91
1,1,0,3,4,4,0,2,2,0,4,0,1,0,3,3,1,3,0,2019,0,7175.94028,0,145.5,0,65.5,1,1,29762.37,25,15,0,76866,0.3,0,0.94,0.12,0,0,0,0,36.5,119.75
1,1,0,3,1,0,0,2,1,2,0,2,3,2,0,2,3,3,0,2019,0,7175.94028,0,145.5,0,65.5,1,1,55115.5,25,12,0,245219,0.26,1.793169399,0.41,0,6.22,0,0,3.065,36.5,119.75
1,1,0,0,3,3,0,2,1,1,3,1,1,0,3,3,3,3,0,2019,0,7175.94028,0,145.5,0,65.5,1,1,29762.37,25,14,0,192876,0.23,0,1.96,0.19,0,0,0,10.977,36.5,119.75
1,0,0,3,4,4,0,2,2,0,4,0,1,0,3,3,1,0,0,2019,154,43055.64168,136400,288,0.05,503,3.6,3.17,29762.37,25,16,0,102703,1.18,0,0.64,0.27,1634.4,0,0,21.564,67,68
1,0,0,3,4,4,0,2,2,0,4,0,1,0,3,3,1,0,0,2019,150,43055.64168,132990,288,0.05,490,3.51,3.09,29762.37,25,16,0,62533,0.52,0,0.85,0.27,1593.54,0,0,25.4125,67,68
1,0,0,3,4,4,0,2,2,0,4,0,1,0,3,3,1,0,0,2019,167,43055.64168,148146,288,0.05,546,3.91,3.44,29762.37,25,14,0,102019,0.33,0,0.91,0.23,993.14,0,0,23.5219,64,66
1,0,0,3,4,4,0,2,2,0,4,0,1,0,3,3,1,0,0,2019,182,43055.64168,161028,288,0.05,593,4.25,3.74,29762.37,25,14,0,99219,0.84,0,0.81,0.28,1066.75,0,0,28.4739,62,66
1,0,0,3,4,0,0,2,2,0,4,0,1,0,3,3,1,3,0,2019,177,43055.64168,156860,288,0.05,578,4.14,3.64,29762.37,25,8.5,0,70462,0.5,0,0.74,0.33,1039.14,0,0,21.9432,64,68
1,0,0,3,4,4,0,2,2,0,4,0,1,0,3,3,1,0,0,2019,177,43055.64168,156860,288,0.05,578,4.14,3.64,29762.37,25,15,0,116918,0.4,0,0.49,0.21,1059.84,0,0,26.9112,64,68
1,0,0,3,4,4,0,2,2,0,4,0,1,0,3,3,1,0,0,2019,177,43055.64168,157239,288,0.05,579,4.15,3.65,29762.37,25,15,0,122979,1.05,0,0.66,0.17,1062.4,0,0,27.042,64,51
1,0,0,3,4,4,0,2,2,0,4,0,1,0,3,3,1,0,0,2019,41,43055.64168,35995,288,0.05,133,0.95,0.84,29762.37,25,15,0,27353,1.24,0,1.27,0.19,243.2,0,0,6.2161,57,60
1,0,0,3,4,4,0,2,2,0,4,0,1,0,3,3,1,0,0,2019,41,43055.64168,35995,288,0.05,133,0.95,0.84,29762.37,25,15,0,14930,0.15,0,2.12,0.45,243.2,0,0,6.2161,57,54
1,0,0,3,4,4,0,2,2,0,4,0,1,0,3,3,1,0,0,2019,40,43055.64168,35237,288,0,130,0.93,0.82,29762.37,25,15,0,26623,0.62,0,1.27,0.31,238.08,0,0,6.0864,57,57
1,0,0,3,4,4,0,2,2,0,4,0,1,0,3,3,1,0,0,2019,46,43055.64168,40920,288,0,151,1.08,0.95,29762.37,25,15,0,28590,0.82,0,0.26,0.29,276.48,0,0,7.0584,64,64
1,1,0,3,4,4,0,2,2,0,4,0,1,0,3,3,1,3,0,2019,0,7175.94028,0,145.5,0,65.5,1,1,29762.37,25,15,0,59755,0.83,0,0.6,0.28,0,0,0,0.0625,36.5,119.75
1,0,0,0,3,3,0,2,1,1,3,1,1,0,3,3,3,3,0,2019,176,43055.64168,152693,288,0.06,573,4.03,3.55,29762.37,25,14,0,95566,0.17,0,1.31,0.18,2946.9375,0,0,20.5973,63,65
1,0,0,0,3,3,0,2,1,1,3,1,1,0,3,3,3,3,0,2019,172,43055.64168,152693,288,0.06,562,4.03,3.55,29762.37,25,14,0,122640,0.15,0,0.53,0.25,2946.9375,0,0,25.937,66,72
1,0,0,0,3,3,0,2,1,1,3,1,1,0,3,3,3,3,0,2019,172,43055.64168,152693,288,0.06,562,4.03,3.55,29762.37,25,14,0,164279,0.31,0,1.12,0.09,2930.8175,0,0,51.3583,61,74
1,0,0,0,3,3,0,2,1,1,3,1,1,0,3,3,3,3,0,2019,172,43055.64168,152693,288,0.06,562,4.03,3.55,29762.37,25,14,0,113767,0.48,0,1.36,0.13,2064.3675,0,0,45.7325,65,84
1,0,0,3,1,0,0,2,1,2,0,2,3,2,0,2,3,3,0,2019,116,28703.76112,96743,231,0.06,470,3.83,3.37,55115.5,25,12,0,86392,0.19,0.21,0.48,0,2601.5275,0,0,31.6204,90,110
1,0,0,3,1,0,0,2,1,2,0,2,3,2,0,2,3,3,0,2019,116,28703.76112,96743,231,0.06,470,3.83,3.37,55115.5,25,12,0,164284,0.07,0.14,0.89,0,2600.57,0,0,39.2804,91,93
1,0,0,3,1,0,0,2,1,2,0,2,3,2,0,2,3,3,0,2019,116,28703.76112,96743,231,0.06,470,3.83,3.37,55115.5,25,12,0,103231,0.15,0.36,0.57,0,2638.87,0,0,24.895,94,89
1,0,0,0,3,3,0,2,1,1,3,1,1,0,3,3,3,3,0,2019,187,44927.6261,162297,288,0.06,609,4.11,3.61,29762.37,25,14,0,96171,0.03,0,1.52,0.2,0,0,0,14.7809,65,66
1,0,0,0,3,3,0,2,1,1,3,1,1,0,3,3,3,3,0,2019,187,44927.6261,162297,288,0.06,609,4.11,3.61,29762.37,25,14,0,129035,0.1,0,1.2,0.12,0,0,0,18.5279,62,64
1,0,0,0,3,3,0,2,1,1,3,1,1,0,3,3,3,3,0,2019,183,44927.6261,162297,288,0.06,598,4.11,3.61,29762.37,25,14,0,142948,0.11,0,0.63,0.22,0,0,0,19.8966,65,75
1,0,0,0,3,3,0,2,1,1,3,1,1,0,3,3,3,3,0,2019,183,44927.6261,162297,288,0.06,598,4.11,3.61,29762.37,25,14,0,122625,0.21,0,0.27,0.1,0,0,0,14.418,64,76
1,0,0,0,3,3,0,2,1,1,3,1,1,0,3,3,3,3,0,2019,183,44927.6261,162297,288,0.06,598,4.11,3.61,29762.37,25,14,0,108492,0.37,0,0.17,0.12,0,0,0,17.636,64,77
1,0,0,0,3,3,0,2,1,1,3,1,1,0,3,3,3,3,0,2019,183,44927.6261,162297,288,0.06,598,4.11,3.61,29762.37,25,14,0,94209,0.39,0,0.19,0.09,0,0,0,20.402,82,89
1,0,0,3,1,0,0,2,1,2,0,2,3,2,0,2,3,3,0,2019,153,28703.76112,127863,200,0.1,717,5.06,4.45,55115.5,25,12,0,42726,0.09,0.73,0.45,0,0,0,0,50.2206,90,97
1,0,0,3,1,0,0,2,1,2,0,2,3,2,0,2,3,3,0,2019,153,28703.76112,127863,200,0.1,717,5.06,4.45,55115.5,25,12,0,90484,0.15,0.21,0.43,0,0,0,0,50.2206,89,102
1,0,0,0,3,3,0,2,1,1,3,1,1,0,3,3,3,3,0,2019,176,43055.64168,152693,288,0.1,573,4.03,3.55,29762.37,25,14,0,93030,0.27,0,0.8,0.18,2946.9375,0,0,20.5973,63,64
1,0,0,0,3,3,0,2,1,1,3,1,1,0,3,3,3,3,0,2019,172,43055.64168,152693,288,0.1,562,4.03,3.55,29762.37,25,14,0,131874,0.15,0,1.54,0.22,2930.8175,0,0,38.027,65,72
1,0,0,0,3,3,0,2,1,1,3,1,1,0,3,3,3,3,0,2019,172,43055.64168,152693,288,0.1,562,4.03,3.55,29762.37,25,14,0,109867,0.31,0,1.36,0.09,3474.8675,0,0,45.7325,63,75
1,0,0,0,3,3,0,2,1,1,3,1,1,0,3,3,3,3,0,2019,172,43055.64168,152693,288,0.12,562,4.03,3.55,29762.37,25,14,0,147090,0.56,0,1.27,0.1,2064.3675,0,0,45.7325,67,77
1,0,0,0,3,3,0,2,2,0,4,0,1,0,3,3,1,3,0,2019,116,28703.76112,96743,231,0.12,470,3.83,3.37,55115.5,25,8.5,0,66540,0.24,0.5,1,0,2601.5275,0,0,26.5151,91,108
1,0,0,0,3,3,0,2,2,0,4,0,1,0,3,3,1,3,0,2019,116,28703.76112,96743,231,0.12,470,3.83,3.37,55115.5,25,8.5,0,162792,0.18,0.15,0.65,0,2592.91,0,0,26.5151,93,92
1,0,0,0,3,3,0,2,2,0,4,0,1,0,3,3,1,3,0,2019,116,28703.76112,96743,231,0.08,470,3.83,3.37,55115.5,25,8.5,0,119845,0.07,0.54,1.01,0,5254.76,0,0,11.49,94,100
1,0,0,3,1,0,0,2,1,2,0,2,3,2,0,2,3,3,0,2019,109,32291.73126,91502,200,0,513,3.22,2.83,55115.5,25,12,0,38092,0.53,0.55,1.57,0,0,0,0,1.0723,90,101
1,0,0,0,3,3,0,2,2,0,4,0,1,0,3,3,1,3,0,2019,109,32291.73126,91502,200,0,513,3.22,2.83,55115.5,25,8.5,0,65027,0.45,0.12,1.63,0,0,0,0,1.0722,90,101
1,0,0,0,3,3,0,2,2,0,4,0,1,0,3,3,1,3,0,2019,109,32291.73126,91502,200,0,513,3.22,2.83,55115.5,25,8.5,0,107722,0.39,0.08,2.7,0,0,0,0,1.0723,96,110
1,0,0,0,3,3,0,2,1,1,3,1,1,0,3,3,3,3,0,2019,131,43055.64168,115820,288,0.06,427,2.69,2.69,29762.37,25,14,0,79220,0.51,0,0.87,0.09,4150.67,0,0,14.292,66,79
1,0,0,0,3,3,0,2,1,1,3,1,1,0,3,3,3,3,0,2019,131,43055.64168,115820,288,0.06,427,2.69,2.69,29762.37,25,14,0,105285,0.41,0,1.08,0.08,4150.67,0,0,14.292,64,77
1,0,0,0,3,3,0,2,1,1,3,1,1,0,3,3,3,3,0,2019,131,43055.64168,115820,288,0.06,427,2.69,2.69,29762.37,25,14,0,82527,0.47,0,1.02,0.07,4150.67,0,0,14.2919,80,90
1,0,0,3,1,0,0,2,1,2,0,2,3,2,0,2,3,3,0,2019,180,28703.76112,150982,231,0.12,733,5.26,5.26,55115.5,25,12,0,99493,0.5,0.66,0.19,0,8116.18,0,0,23.5279,90,87
1,0,0,0,3,3,0,2,2,0,4,0,1,0,3,3,1,3,0,2019,152,28703.76112,127732,231,0.12,620,4.45,4.45,55115.5,25,8.5,0,260735.5,0.18,0.89,0.46,0,6866.35,0,0,19.9049,90,87
1,0,0,0,3,3,0,2,2,0,4,0,1,0,3,3,1,3,0,2019,152.3617021,28703.76112,127731.737,231,0.12,620,4.45,4.45,55115.5,25,8.5,0,260735.5,0.14,0.54,0.39,0,6866.35,0,0,19.9049,97,103
1,0,2,0,3,3,0,2,1,2,5,2,1,0,3,3,3,2,0,2019,222,43055.64168,197023,288,0.1,726,5.2,4.58,29762.37,25,16,0,33586,0.56,0,1.52,0.3,4148.716,0,0,19.188,66,68
1,0,2,3,1,0,0,2,1,2,5,2,1,0,3,3,3,2,0,2019,182,43055.64168,161028,288,0.1,593,4.25,3.74,29762.37,25,15,0,32868,1.05,0,0.66,0.475,3475.7775,0,0,18.3387,65,66
1,0,2,3,1,4,0,2,1,2,2,2,1,0,3,3,1,3,0,2019,175,43055.64168,155345,288,0.1,572,4.1,3.61,29762.37,25,8.5,0,4255,0.24,0,2.14,0.4,3271.103,0,0,15.1291,65,74
1,1,0,0,3,3,0,2,1,1,3,1,1,0,3,3,3,3,0,2019,0,7175.94028,0,145.5,0,65.5,1,1,29762.37,25,14,0,111639.9727,0.546302368,0.71726776,1.101621129,0.106539162,0,0,0,0,36.5,119.75
1,0,0,3,1,0,2,1,2,0,4,0,1,0,3,3,1,3,0,2019,203,43055.64168,176184,288,0.06,661,4.65,4.09,29762.37,25,16,0,62884,0.78,0,1.26,0.13,473.7928,0,0,6.0973,63,61
1,0,0,0,3,3,0,2,2,0,4,0,1,0,3,3,1,3,0,2019,200,43055.64168,173910,288,0.08,653,4.59,4.04,29762.37,25,8.5,0,83688,0.27,0,1.37,0.17,467.6794,0,0,6.0187,62,59
1,0,0,3,1,2,0,2,1,1,0,1,1,0,3,3,2,3,0,2019,205,43055.64168,178457,288,0.08,670,4.71,4.14,29762.37,25,16,0,79377,0.29,0,1.68,0.2,1457.0316,0,0,12.1033,60,59
1,0,0,3,1,2,0,2,4,2,0,1,1,0,3,3,1,3,0,2019,244,43055.64168,212178,288,0.08,796,5.6,4.93,29762.37,25,16,0,70829,0.33,0,1.98,0.21,1732.3518,0,0,14.3903,60,58
1,0,0,3,1,2,0,2,1,1,0,1,1,0,3,3,2,3,0,2019,83,43055.64168,72368,288,0.08,272,1.91,1.68,29762.37,25,16,0,40960,0.4,0,2.52,0.2,208.8556,0,0,4.908,60,62
1,0,0,3,1,0,1,1,2,0,4,0,1,0,3,3,1,3,0,2019,190,43055.64168,168227,288,0.08,620,4.44,3.91,29762.37,25,16,0,48767,0.76,0,1.22,0.2,565.522,0,0,42.089,67,66
1,0,0,0,3,3,0,2,2,0,4,0,1,0,3,3,1,3,0,2019,189,43055.64168,167848,288,0.08,618,4.43,3.9,29762.37,25,8.5,0,57766,0.72,0,0.68,0.23,504.5832,0,0,12.2088,67,69
1,0,0,0,3,3,0,2,1,2,0,1,1,0,3,3,2,3,0,2019,206,43055.64168,182246,288,0.08,671,4.81,4.23,29762.37,25,13,0,62841,0.66,0,0.84,0.2,1503.4504,0,0,24.5298,66,76
1,0,0,0,3,3,0,2,2,0,4,0,1,0,3,3,1,3,0,2019,177,43055.64168,156860,288,0.08,578,4.14,3.64,29762.37,25,8.5,0,66969,0.27,0,1.31,0.21,1280.7028,0,0,19.1835,65,85
1,0,0,3,1,2,0,2,1,2,0,1,1,0,3,3,2,3,0,2019,179,43055.64168,158755,288,0.12,585,4.19,3.69,29762.37,25,12,0,57700,0.68,0,1.59,0.2,1296.1704,0,0,19.4153,65,87
1,0,0,3,1,0,0,2,2,0,4,0,1,0,3,3,1,3,0,2019,45,64583.46252,41488,373.5,0.12,65.5,0.73,0.64,29762.37,25,8.5,0,16060,0.76,0,2.73,0.15,259.4802,0,0,5.2811,60,58
1,0,0,3,1,0,0,2,2,0,4,0,1,0,3,3,1,3,0,2019,43,64583.46252,40352,373.5,0.12,65.5,0.71,0.6248,29762.37,25,8.5,0,18654,0.68,0,1.85,0.05,252.3712,0,0,5.1363,60,60
1,0,0,3,1,0,0,2,2,0,4,0,1,0,3,3,1,3,0,2019,43,64583.46252,40352,373.5,0.12,65.5,0.71,0.6248,29762.37,25,8.5,0,12640,0.55,0,1.19,0.13,252.3712,0,0,5.1363,60,60
1,0,0,3,1,0,0,2,2,0,4,0,1,0,3,3,1,3,0,2019,28,43055.64168,26522,373.5,0.12,65.5,0.7,0.6248,29762.37,25,8.5,0,15776,0.68,0,2.01,0.26,248.8166,0,0,5.064,60,55
1,0,0,3,1,0,0,2,2,0,4,0,1,0,3,3,1,3,0,2019,28,43055.64168,25386,373.5,0.12,65.5,0.67,0.6248,29762.37,25,8.5,0,11053,0.47,0,2.35,0.13,238.153,0,0,4.8471,60,60
1,0,0,3,1,0,0,2,2,0,4,0,1,0,3,3,1,3,0,2019,28,43055.64168,25764,373.5,0.12,65.5,0.68,0.6248,29762.37,25,8.5,0,11452,0.67,0,1.78,0.11,241.7076,0,0,4.9193,60,60
1,0,0,3,1,0,0,2,2,0,4,0,1,0,3,3,1,3,0,2019,36,57407.52224,33847,373.5,0.12,65.5,0.67,0.6248,29762.37,25,8.5,0,11429,0.36,0,2.45,0.29,238.153,0,0,4.8471,60,55
1,0,0,3,1,0,0,2,2,0,4,0,1,0,3,3,1,3,0,2019,28,57407.52224,25764,373.5,0.12,65.5,0.585,0.6248,29762.37,25,8.5,0,3134,0.52,0,1.62,0.09,181.2808,0,0,3.4346,60,69
1,0,0,3,1,4,0,2,2,0,4,0,1,0,3,3,1,3,0,2019,168,28703.76112,140694,231,0.12,683,5.57,4.9,55115.5,25,9,0,60840,1.24,1.793169399,0.59,0,86.0698,0,0,48.0852,90,91
1,0,0,3,1,4,0,2,2,0,4,0,1,0,3,3,1,3,0,2019,156,28703.76112,131096,231,0.12,636,5.19,4.57,55115.5,25,9,0,55931,1.24,1.793169399,1.47,0,80.1978,0,0,44.8048,90,90
1,0,0,3,1,4,0,2,2,0,4,0,1,0,3,3,1,3,0,2019,145,28703.76112,121497,231,0.12,590,4.81,4.23,55115.5,25,9,0,74956,1.24,1.793169399,2.61,0,74.326,0,0,41.5242,90,90
1,0,0,3,1,0,0,2,2,0,4,0,1,0,3,3,1,3,0,2019,141,28703.76112,118214,231,0.1,574,4.68,4.12,55115.5,25,11,0,84838,1.24,1.793169399,1.07,0,72.3172,0,0,40.4019,90,89
1,0,0,3,1,0,0,2,2,0,4,0,1,0,3,3,1,3,0,2019,118,28703.76112,98764,231,0.1,479,3.91,3.44,55115.5,25,11,0,49553,1.24,1.793169399,0.56,0,7880.4188,0,0,33.7545,90,88
1,0,0,3,1,0,0,2,2,0,4,0,1,0,3,3,1,3,0,2019,99,28703.76112,82598,231,0.1,401,3.27,2.88,55115.5,25,11,0,57883,0.81,1.793169399,2.25,0,6590.5292,0,0,28.2296,90,89
1,0,0,3,1,0,0,2,2,0,4,0,1,0,3,3,1,3,0,2019,65,28703.76112,54308,231,0.12,264,2.15,1.89,55115.5,25,12,0,79296,0.82,0.8,0.5,0,43.9726,0,0,18.5608,90,78
1,0,0,3,1,0,0,2,2,0,4,0,1,0,3,3,1,3,0,2019,105,28703.76112,87902,231,0.12,427,3.48,3.06,55115.5,25,12,0,100898,1.02,1.793169399,2.44,0,71.1742,0,0,30.0425,90,78
1,0,0,3,1,0,0,2,1,1,0,1,1,0,3,3,1,3,0,2019,193,28703.76112,161660,231,0.12,784,6.4,5.63,55115.5,25,11,0,38615,0,1.793169399,2.8,0,3201.1615,0,0,24.8832,90,119
1,0,0,3,1,0,0,2,1,1,0,1,1,0,3,3,1,3,0,2019,196,28703.76112,164186,231,0.12,797,6.5,5.72,55115.5,25,10,0,80495,0.24,0.35,2.8,0,3251.1797,0,0,25.2721,90,106
1,0,0,3,1,0,0,2,1,1,0,1,1,0,3,3,1,3,0,2019,193,28703.76112,162165,231,0.12,787,6.42,5.65,55115.5,25,10,0,95620,0.51,0.72,2.8,0,3211.1652,0,0,25.4734,90,105
1,0,0,3,1,0,0,2,2,0,4,0,1,0,3,3,1,3,0,2019,27,28703.76112,23239,231,0.08,111,0.92,0.81,55115.5,25,10,0,48988,0.28,0.92,0.85,0,460.167,0,0,5.141,80,83
1,0,0,3,1,0,0,2,2,0,4,0,1,0,3,3,1,3,0,2019,28,28703.76112,23491,231,0.08,112,0.93,0.82,55115.5,25,10,0,35019,0.16,0,2.58,0,465.1688,0,0,5.778,100,89
1,0,0,3,1,0,0,2,2,0,4,0,1,0,3,3,1,3,0,2019,28,28703.76112,23996,231,0.08,115,0.95,0.84,55115.5,25,10,0,47995,0,0.89,1.1,0,475.1724,0,0,4.7148,80,83
1,0,0,3,1,0,0,2,2,0,4,0,1,0,3,3,1,3,0,2019,29,28703.76112,24754,231,0.08,118,0.98,0.86,55115.5,25,10,0,47389,0.96,1.02,0.37,0,490.1778,0,0,5.4762,74,83
1,0,0,3,1,0,0,2,2,0,4,0,1,0,3,3,1,3,0,2019,47,28703.76112,39152,231,0.08,190,1.55,1.36,55115.5,25,10,0,55159,0.3,0,1.65,0,775.2813,0,0,8.6613,90,104
1,0,0,3,4,4,0,2,2,0,4,0,1,0,3,3,1,3,0,2019,87,28703.76112,73252,231,0.06,356,2.9,2.55,55115.5,25,11,0,113309,0.23,0.87,1.18,0,1015.5263,0,0,16.2052,90,96
1,0,0,3,4,4,0,2,2,0,4,0,1,0,3,3,1,3,0,2019,153,28703.76112,128065,231,0.06,621,5.07,4.46,55115.5,25,11,0,114645,0.23,0.08,2.17,0,0,0,0,23.7276,90,102
1,0,0,3,4,4,0,2,2,0,4,0,1,0,3,3,1,3,0,2019,173,28703.76112,144736,231,0.06,702,5.73,5.04,55115.5,25,10,0,231734,0.31,0.1,2.8,0,0,0,0,32.7852,91,102
1,0,0,3,4,4,0,2,2,0,4,0,1,0,3,3,1,3,0,2019,127,28703.76112,106089,231,0.06,515,4.2,3.7,55115.5,25,10,0,108272,0.23,0,1.98,0,0,0,0,21.2935,91,101
1,0,0,3,4,4,0,2,2,0,4,0,1,0,3,3,1,3,0,2019,131,28703.76112,109878,231,0.06,533,4.35,3.83,55115.5,25,9,0,47173,0.92,0.65,1.01,0,0,0,0,23.0767,91,117
1,0,0,3,4,4,0,2,2,0,4,0,1,0,3,3,1,3,0,2019,132,28703.76112,110888,231,0,538,4.39,3.86,55115.5,25,9,0,56528,0.34,0.37,2.8,0,0,0,0,23.2889,91,116
1,0,0,0,3,3,0,2,1,1,3,1,1,0,3,3,3,3,0,2019,148,43055.64168,139053,288,0.06,483,3.67,3.23,29762.37,25,14,0,88036,0.39,0,0.57,0.24,4293.9,0,0,44.242,76,82
1,0,0,0,3,3,0,2,1,1,3,1,1,0,3,3,3,3,0,2019,148,43055.64168,139053,288,0.06,483,3.67,3.23,29762.37,25,14,0,78293,0.61,0,0.98,0.2,0,0,0,0,74,91
1,0,0,3,1,0,0,2,1,2,0,2,3,2,0,2,3,3,0,2019,116,28703.76112,101542,200,0.06,544,4.02,3.54,55115.5,25,12,0,129707,0.36,0.34,1.89,0,7328.46,0,0,18.9182,93,97
1,0,0,0,3,3,0,2,2,0,4,0,1,0,3,3,1,3,0,2019,116,28703.76112,101542,200,0.06,544,4.02,3.54,55115.5,25,8.5,0,105345,0.55,0.49,0.74,0,7328.46,0,0,18.918,100,98
1,0,0,0,3,3,0,2,2,0,4,0,1,0,3,3,1,3,0,2019,116,28703.76112,101542,200,0.06,544,4.02,3.54,55115.5,25,8.5,0,158676,0.16,0.38,0.65,0,5117.46,0,0,21.5995,105,113
1,0,0,0,3,3,0,2,2,0,4,0,1,0,3,3,1,3,0,2019,116,28703.76112,101542,200,0.06,544,4.02,3.54,55115.5,25,8.5,0,156078,0.1,0.27,1.55,0,5117.46,0,0,21.5994,110,119.75
1,0,0,0,3,3,0,2,2,0,4,0,1,0,3,3,1,3,0,2019,178,28703.76112,156608,200,0.06,838,6.2,5.46,55115.5,25,8.5,0,87217,0.57,0.49,0.91,0,4710,0,0,10.6474,112,119.75
1,0,0,1,1,0,0,2,2,0,4,0,1,0,3,3,1,3,0,2020,108.3734043,28703.76112,90933.51523,231,0.12,441,3.6,3.168,55115.5,25,13,0,36068,0.91,1.793169399,1.87,0,0,0,0,2.2499,90,104
1,0,0,1,1,0,0,2,2,0,4,0,1,0,3,3,1,3,0,2020,99.52659574,28703.76112,83355.72229,231,0.12,405,3.3,2.904,55115.5,25,13,0,58537,0.18,1.793169399,1.34,0,0,0,0,3.0936,90,91
1,0,0,2,1,0,0,2,2,0,4,0,1,0,3,3,1,3,0,2020,97.31489362,28703.76112,81587.57061,231,0.12,396,3.23,2.8424,55115.5,25,13,0,49143,0.33,0.57,1.59,0,0,0,0,2.0188,90,90
1,0,0,2,1,0,0,2,2,0,4,0,1,0,3,3,1,0,0,2020,90.43404255,28703.76112,75777.92936,231,0.12,368,3,2.64,55115.5,25,13,0,77446,0.48,0.61,1.56,0,0,0,0,1.875,91,90
1,0,0,1,1,0,0,2,2,0,4,0,1,0,3,3,1,3,0,2020,218.1446809,43055.64168,193233.7199,288,0.06,712,5.1,4.488,29762.37,25,15,0,115865,0.36,0,0.11,0.2,4737.9,0,0,31.8087,66,73
1,0,0,1,1,0,0,2,2,0,4,0,1,0,3,3,1,3,0,2020,205.5829787,43055.64168,182245.9201,288,0.06,671,4.81,4.2328,29762.37,25,17,0,126924,0.51,0,0.15,0.17,4468.49,0,0,30,66,71
1,0,0,1,1,4,0,2,2,0,4,0,1,0,3,3,1,3,0,2020,220.5957447,43055.64168,195507.0577,288,0.06,720,5.16,4.5408,29762.37,31,15,0,114839,0.52,0,0.22,0.15,4860.72,0,0,41.2128,65,73
1,0,0,1,1,4,0,2,2,0,4,0,1,0,3,3,1,3,0,2020,194.2468085,43055.64168,172015.8996,288,0.06,634,4.54,3.9952,29762.37,31,15,0,125573,0.26,0,0.05,0.13,6103.93,0,0,44.2027,65,71
1,0,0,1,4,4,0,2,2,0,4,0,1,0,3,3,1,3,0,2020,204.6638298,43055.64168,181488.1408,288,0.06,668,4.79,4.2152,29762.37,32,16,0,122008,0.37,0,0.51,0.16,4459.49,0,0,38.2579,64,70
1,0,0,1,4,4,0,2,2,0,4,0,1,0,3,3,1,3,0,2020,193.6340426,43055.64168,171637.01,288,0.06,632,4.53,3.9864,29762.37,32,16,0,130394,0.62,0,0.55,0.14,4217.43,0,0,36.1809,64,68
1,0,0,1,1,4,0,2,2,0,4,0,1,0,3,3,1,3,0,2020,231.012766,43055.64168,204600.4093,288,0.06,754,5.4,4.752,29762.37,28,16,0,106961,0.45,0,0.25,0.11,7263,0,0,52.3098,64,74
1,0,0,1,1,4,0,2,2,0,4,0,1,0,3,3,1,3,0,2020,220.9021277,43055.64168,195885.9474,288,0.06,721,5.17,4.5496,29762.37,28,16,0,113091,0.36,0,0.29,0.13,6953.65,0,0,50.0816,64,77
1,1,0,4,4,4,0,2,2,0,4,0,1,0,3,3,1,3,0,2020,0,28703.76112,57407.52224,200,0.1,316,2,2,55115.5,20,16,0,114562,0.59,1.44,0.27,0,1080,0,0,0.7725,75,69
1,1,0,4,4,4,0,2,2,0,4,0,1,0,3,3,1,3,0,2020,0,28703.76112,57407.52224,200,0.1,316,2,2,55115.5,20,16,0,121412,0.96,1.39,0.3,0,1250,0,0,3.7875,77,73
1,1,0,4,4,4,0,2,2,0,4,0,1,0,3,3,1,3,0,2020,0,28703.76112,57407.52224,200,0.1,316,2,2,55115.5,20,16,0,84053,0.23,1.793169399,0.42,0,1000,0,0,1.03,79,115
1,1,0,4,4,4,0,2,2,0,4,0,1,0,3,3,1,3,0,2020,0,28703.76112,57407.52224,200,0.1,316,2,2,55115.5,20,16,0,174473,0.13,1.793169399,0.45,0,1000,0,0,1.03,81,114
1,1,0,4,4,4,0,2,2,0,4,0,1,0,3,3,1,3,0,2020,0,28703.76112,57407.52224,200,0.1,316,2,2,55115.5,20,16,0,111639.9727,0.546302368,0.71726776,1.101621129,0.106539162,1000,0,0,1.03,83,33.75
0,0,0,1,0,0,0,2,0,1,0,1,1,0,3,3,1,3,0,2020,128.3744681,43055.64168,113666.894,288,0.06,419,3,2.64,24250.82,17.99305556,16,0,46559,0.61,0,0.87,0.33,2276.6066,0,0,6.2802,64,69
0,0,0,1,1,4,0,2,2,0,4,0,1,0,3,3,1,3,0,2020,127.1489362,43055.64168,112530.2251,288,0.06,415,2.97,2.6136,24250.82,21,16,0,44588,0.13,0,1.91,0.26,2270.1591,0,0,9.4457,69,73
0,0,0,1,1,4,0,2,2,0,4,0,1,0,3,3,1,3,0,2020,65.56595745,43055.64168,57970.11596,288,0.06,214,1.53,1.3464,24250.82,27,17,0,38731,0.29,0,1.57,0.42,132.6939,0,0,3.2029,69,72
0,0,0,1,1,4,0,2,2,0,4,0,1,0,3,3,1,3,0,2020,65.87234043,43055.64168,58349.0056,288,0.06,215,1.54,1.3552,24250.82,27,17,0,29816,0.27,0,2.5,0.4,3351.4764,0,0,3.2239,69,72
0,0,0,1,1,4,0,2,2,0,4,0,1,0,3,3,1,3,0,2020,66.79148936,43055.64168,59106.7849,288,0.06,218,1.56,1.3728,24250.82,27,17,0,15518,0.34,0,2.04,0.41,155.5645,0,0,3.2657,69,72
0,0,0,1,1,4,0,2,2,0,4,0,1,0,3,3,1,3,0,2020,67.09787234,43055.64168,59485.67455,288,0.06,219,1.57,1.3816,24250.82,27,17,0,34445,0.19,0,2.28,0.39,3437.0478,0,0,3.2866,69,72
0,0,0,2,1,4,0,2,2,0,4,0,1,0,3,3,1,3,0,2020,269.6170213,43055.64168,239079.3671,288,0.06,880,6.31,5.5528,24250.82,36.67824074,16,0,119852,0.15,0,1.68,0.3,5613.4404,0,0,20.068,68,72
0,0,0,2,1,4,0,2,2,0,4,0,1,0,3,3,1,3,0,2020,271.7617021,43055.64168,240973.8154,288,0.06,887,6.36,5.5968,24250.82,36.67824074,17,0,123768,0.22,0,1.81,0.32,5669.0013,0,0,20.227,68,71
0,0,0,1,4,4,0,2,2,0,4,0,1,0,3,3,1,3,0,2020,97.5606383,28703.76112,83355.72229,231,0.1,397,3.3,2.904,44092.4,23,16,0,153264,0.33,1.19,0.53,0,74.0351,0,0,5.9891,75,90
0,0,0,1,4,4,0,2,2,0,4,0,1,0,3,3,1,3,0,2020,35.63297872,28703.76112,30311.17174,231,0.1,145,1.2,1.056,44092.4,17.99305556,16,0,44414,0.31,1.43,0.42,0,100.6356,0,0,2.1779,69,71
0,0,0,1,2,4,0,2,2,0,4,0,1,0,3,3,1,3,0,2020,29.73510638,28703.76112,25259.30979,231,0.1,121,1,0.88,44092.4,17.99305556,16,0,54577,0.41,1.1,0.37,0,198.3827,0,0,1.8148,69,71
0,0,0,1,4,4,0,2,2,0,4,0,1,0,3,3,1,3,0,2020,102.4755319,28703.76112,85881.65327,231,0.12,417,3.4,2.992,44092.4,21,16,0,99125,0.23,0.21,1.49,0,285.1318,0,0,12.7465,83,107
0,0,0,1,1,4,0,2,2,0,4,0,1,0,3,3,1,3,0,2020,185.2914894,28703.76112,155344.7552,231,0.12,754,6.15,5.412,44092.4,17.99305556,16,0,164136,0.45,0.08,1.6,0,1183,0,0,23.0562,85,104
0,0,0,1,1,4,2,2,2,0,4,0,1,0,3,3,1,3,0,2020,71.26595745,28703.76112,59611.97109,231,0.12,290,2.36,2.0768,44092.4,36.67824074,16,0,63785,0.56,0.03,1.81,0,613.3039,0,0,8.8476,87,103
0,0,0,1,1,4,2,2,2,0,4,0,1,0,3,3,1,3,0,2020,45.21702128,28703.76112,37888.96468,231,0.12,184,1.5,1.32,44092.4,36.67824074,16,0,48777,0.56,0,2.17,0,3076.7151,0,0,5.6234,87,105
0,0,0,1,1,4,2,2,2,0,4,0,1,0,3,3,1,3,0,2020,45.46276596,28703.76112,38141.55778,231,0.12,185,1.51,1.3288,44092.4,36.67824074,16,0,46746,0.27,0.05,2.35,0,126.7348,0,0,5.6609,87,105
0,0,0,1,1,4,2,2,2,0,4,0,1,0,3,3,1,3,0,2020,46.69148936,28703.76112,39151.93017,231,0.12,190,1.55,1.364,44092.4,36.67824074,16,0,42621,0.53,0.02,1.57,0,3084.0803,0,0,5.811,88,102
0,0,0,1,1,4,2,2,2,0,4,0,1,0,3,3,1,3,0,2020,51.60638298,28703.76112,43193.41973,231,0.12,210,1.71,1.5048,44092.4,36.67824074,16,0,26547,0.43,0,0.58,0,38.5025,0,0,6.4107,88,102
0,0,0,1,1,4,2,2,2,0,4,0,1,0,3,3,1,3,0,2020,112.3053191,28703.76112,94217.2255,231,0.12,457,3.73,3.2824,44092.4,36.67824074,16,0,96401,1.11,0.13,1.48,0,84.5682,0,0,13.9837,90,100
0,0,0,2,1,0,0,2,2,0,4,0,1,0,3,3,1,3,0,2020,242.3489362,43055.64168,214830.4297,288,0.06,791,5.67,4.9896,24250.82,26,16,0,60654,0.43,0,1.55,0.2,5806.08,0,0,12.1766,68,69
0,0,0,1,2,2,0,2,2,0,4,0,1,0,3,3,1,3,0,2020,203.4382979,43055.64168,180351.4719,288,0.06,664,4.76,4.1888,24250.82,32,16,0,82181,0.43,0,1.69,0.2,4798.08,0,0,8.8726,68,72
0,0,0,1,2,2,0,2,2,0,4,0,1,0,3,3,1,3,0,2020,163.3021277,43055.64168,144735.8451,288,0.06,533,3.82,3.3616,24250.82,32,16,0,36068,0.28,0,2.66,0.25,3850.56,0,0,7.1205,67,69
0,0,0,2,4,4,0,2,2,0,4,0,1,0,3,3,1,3,0,2020,201.906383,43055.64168,178835.9133,288,0.06,659,4.72,4.1536,24250.82,34,16,0,67340,0.3,0,0.9,0.18,4757.76,0,0,8.7981,67,67
0,0,0,2,4,4,0,2,2,0,4,0,1,0,3,3,1,3,0,2020,193.3276596,43055.64168,171258.1203,288,0.06,631,4.52,3.9776,24250.82,34,16,0,57777,0.22,0,1.04,0.19,4556.16,0,0,8.4253,66,66
0,0,0,4,4,4,0,2,2,0,4,0,1,0,3,3,1,3,0,2020,180.3765957,28703.76112,154081.7897,231,0.1,734,6.1,5.368,44092.4,24,16,0,260735.5,0.3,0.63,0.45,0,140.3,0,0,14.2679,73,84
0,0,0,4,4,4,0,2,2,0,4,0,1,0,3,3,1,3,0,2020,177.4276596,28703.76112,151555.8587,231,0.1,722,6,5.28,44092.4,24,16,0,260735.5,0.38,0.59,0.33,0,138,0,0,14.034,73,82
0,0,0,4,4,4,0,2,2,0,4,0,1,0,3,3,1,3,0,2020,177.9191489,28703.76112,149282.5208,231,0.12,724,5.91,5.2008,44092.4,20,16,0,214008,0.23,0.14,0.44,0,135.93,0,0,13.8235,80,100
0,0,0,4,4,4,0,2,2,0,4,0,1,0,3,3,1,3,0,2020,125.8212766,28703.76112,105583.9149,231,0.12,512,4.18,3.6784,44092.4,20,16,0,153840,0.33,0.46,0.73,0,96.14,0,0,9.777,81,95
0,1,0,1,4,4,0,2,2,0,4,0,1,0,3,3,1,3,0,2020,0,28703.76112,57407.52224,200,0.1,316,1.3,1.3,44092.4,23,16,0,121934,0.77,1.793169399,0.91,0,273,0,0,7.4464,73,99
0,1,0,1,4,4,0,2,2,0,4,0,1,0,3,3,1,3,0,2020,0,28703.76112,57407.52224,200,0.1,316,1.3,1.3,44092.4,23,16,0,111639.9727,0.546302368,0.71726776,1.101621129,0.106539162,273,0,0,4.6696,74,33.75
0,1,0,1,4,4,0,2,2,0,4,0,1,0,3,3,1,3,0,2020,0,28703.76112,57407.52224,200,0.1,316,1.3,1.3,44092.4,23,16,0,111639.9727,0.546302368,0.71726776,1.101621129,0.106539162,273,0,0,4.6696,74,33.75
0,0,0,2,4,2,0,2,1,2,0,4,1,0,3,3,1,3,0,2020,27.57446809,43055.64168,24248.93739,288,0.06,90,0.64,0.6248,24250.82,23,16,0,19208,0.64,0,1.77,0.22,11.52,0,0,1.979,69,72
0,0,0,1,1,2,0,2,1,1,0,4,1,0,3,3,1,3,0,2020,191.4893617,43055.64168,169742.5618,288,0.06,625,4.48,3.9424,24250.82,19,12,0,125246,0.42,0,1.55,0.24,80.64,0,0,13.8521,69,71
0,0,0,1,1,2,0,2,1,1,0,4,1,0,3,3,1,3,0,2020,188.4255319,43055.64168,167090.3342,288,0.06,615,4.41,3.8808,24250.82,19,12,0,101661,0.47,0,1.84,0.27,79.38,0,0,13.6356,68,66
0,0,0,2,4,0,0,2,1,3,0,4,1,0,3,3,1,3,0,2020,218.1446809,43055.64168,193233.7199,288,0.06,712,5.1,4.488,24250.82,36.67824074,15,0,92332,0.24,0,1.54,0.2,91.8,0,0,15.7689,68,64
0,0,0,2,4,0,0,2,1,3,0,4,1,0,3,3,1,3,0,2020,213.8553191,43055.64168,189444.8234,288,0.06,698,5,4.4,24250.82,36.67824074,13,0,111775,0.38,0,1.4,0.28,90,0,0,15.46,68,63
0,0,0,2,4,2,0,2,1,2,0,4,1,0,3,3,1,3,0,2020,197.9234043,43055.64168,175425.9065,288,0.06,646,4.63,4.0744,24250.82,23,16,0,84599,0.23,0,1.78,0.27,83.34,0,0,14.3159,69,70
0,0,0,2,4,2,0,2,1,2,0,4,1,0,3,3,1,3,0,2020,27.57446809,43055.64168,24248.93739,288,0.06,90,0.64,0.6248,24250.82,23,16,0,14157,0.45,0,1.36,0.3,11.52,0,0,1.979,69,72
0,0,0,2,4,2,0,2,1,2,0,4,1,0,3,3,1,3,0,2020,27.57446809,43055.64168,24248.93739,288,0.06,90,0.64,0.6248,24250.82,23,16,0,20282,0.35,0,2.52,0.28,11.52,0,0,1.979,69,70
0,0,0,2,4,2,0,2,1,2,0,4,1,0,3,3,1,3,0,2020,27.57446809,43055.64168,24248.93739,288,0.06,90,0.64,0.6248,24250.82,23,16,0,12802,0.43,0,1.76,0.34,11.52,0,0,1.979,69,72
0,0,0,1,4,0,0,2,2,0,4,0,1,0,3,3,1,3,0,2020,192.4085106,43055.64168,170500.3411,288,0.06,628,4.5,3.96,24250.82,18,16,0,101986,0.42,0,1.18,0.18,67.5,0,0,17.901,66,66
0,0,0,4,4,4,0,2,2,0,4,0,1,0,3,3,1,3,0,2020,195.7787234,43055.64168,173531.4582,288,0.06,639,4.58,4.0304,24250.82,28,16,0,93665,0.3,0,1.27,0.23,68.7,0,0,18.2192,66,67
0,0,0,4,4,4,0,2,2,0,4,0,1,0,3,3,1,3,0,2020,189.3446809,43055.64168,167848.1135,288,0.06,618,4.43,3.8984,24250.82,28,16,0,91949,0.31,0,0.72,0.09,66.45,0,0,17.6225,66,65
0,0,0,4,1,4,0,2,2,0,4,0,1,0,3,3,1,3,0,2020,165.6319149,28703.76112,138926.2038,231,0.12,674,5.5,4.84,44092.4,23,16,0,197979,0.43,0.38,0.87,0,82.5,0,0,19.102,87,93
0,0,0,4,4,4,0,2,2,0,4,0,1,0,3,3,1,3,0,2020,159.2425532,28703.76112,135895.0866,231,0.1,648,5.38,4.7344,44092.4,25,16,0,260735.5,0.56,0.96,0.21,0,80.7,0,0,26.1683,74,82
0,0,0,2,4,0,0,2,1,3,0,4,1,0,3,3,1,3,0,2020,176.1702128,43055.64168,156102.5345,288,0.06,575,4.12,3.6256,24250.82,36.67824074,13,0,75025,0.68,0,1.53,0.25,54.59,0,0,1.4997,68,70
0,0,0,2,4,0,0,2,1,3,0,4,1,0,3,3,1,3,0,2020,47.18297872,43055.64168,41677.86115,288,0.06,154,1.1,0.968,24250.82,36.67824074,13,0,30219,1.13,0,1.39,0.25,14.3,0,0,0.4004,67,68
0,0,0,2,4,0,0,2,1,3,0,4,1,0,3,3,1,3,0,2020,47.18297872,43055.64168,41677.86115,288,0.06,154,1.1,0.968,24250.82,36.67824074,13,0,38488,0.29,0,2.05,0.33,14.3,0,0,0.4004,67,68
0,0,0,2,4,0,0,2,1,3,0,4,1,0,3,3,1,3,0,2020,47.18297872,43055.64168,41677.86115,288,0.06,154,1.1,0.968,24250.82,36.67824074,13,0,10214,0.3,0,1.83,0.33,14.3,0,0,0.4003,67,68
0,0,0,2,4,0,0,2,1,3,0,4,1,0,3,3,1,3,0,2020,47.18297872,43055.64168,41677.86115,288,0.06,154,1.1,0.968,24250.82,36.67824074,13,0,53864,0.23,0,1.62,0.21,14.575,0,0,0.4004,67,68
0,0,0,1,0,0,0,2,0,1,0,1,1,0,3,3,1,3,0,2020,185.6680851,43055.64168,164438.1067,288,0.06,606,4.34,3.8192,24250.82,17.99305556,16,0,73971,0.51,0,1.87,0.26,57.505,0,0,3.1596,67,66
0,0,0,1,0,0,0,2,0,1,0,1,1,0,3,3,1,3,0,2020,245.412766,43055.64168,217482.6573,288,0.06,801,5.74,5.0512,24250.82,17.99305556,16,0,127880,0.5,0,1.74,0.23,76.055,0,0,4.1787,67,65
0,0,0,4,4,4,0,2,2,0,4,0,1,0,3,3,1,3,0,2020,169.3180851,28703.76112,144483.252,231,0.1,689,5.72,5.0336,44092.4,20,16,0,260735.5,0.35,1.793169399,0.32,0,51.48,0,0,11.8061,73,88
0,0,0,4,4,4,0,2,2,0,4,0,1,0,3,3,1,3,0,2020,183.8170213,28703.76112,154081.7897,231,0.12,748,6.1,5.368,44092.4,20,16,0,260735.5,0.45,0.86,0.53,0,54.9,0,0,12.5904,82,99
0,0,0,4,4,4,0,2,2,0,4,0,1,0,3,3,1,3,0,2020,173.987234,28703.76112,145998.8106,231,0.12,708,5.78,5.0864,44092.4,20,16,0,231962,0.26,0.86,0.5,0,52.02,0,0,11.9299,85,99
0,0,0,4,4,4,0,2,2,0,4,0,1,0,3,3,1,3,0,2020,130.7361702,28703.76112,109625.4045,231,0.12,532,4.34,3.8192,44092.4,20,16,0,221467,0.69,0.77,0.54,0,39.06,0,0,8.9578,88,98
1,1,0,4,4,4,0,2,2,0,4,0,1,0,3,3,1,3,0,2020,0,7175.94028,0,145.5,0,65.5,0.585,0.6248,55115.5,20,16,0,210393,0.72,1.793169399,0.28,0.01,499.52,0,0,6.58,112.5,119.75
1,1,0,4,4,4,0,2,2,0,4,0,1,0,3,3,1,3,0,2020,0,7175.94028,0,145.5,0,65.5,0.585,0.6248,55115.5,20,16,0,111639.9727,0.546302368,0.71726776,1.101621129,0.106539162,0,0,0,0,112.5,98
1,1,0,4,4,4,0,2,2,0,4,0,1,0,3,3,1,3,0,2020,0,7175.94028,0,145.5,0,65.5,0.585,0.6248,55115.5,20,16,0,111639.9727,0.546302368,0.71726776,1.101621129,0.106539162,0,0,0,0,112.5,98
1,0,0,1,1,4,0,2,2,0,4,0,1,0,3,3,1,3,0,2020,272.6808511,43055.64168,241731.5946,288,0.06,890,6.38,5.6144,29762.37,24,16,0,174049,1,0,0.84,0.32,2657.27,0,0,61.019,69,74
1,0,0,1,1,4,0,2,2,0,4,0,1,0,3,3,1,3,0,2020,299.3361702,43055.64168,265222.7527,288,0.06,977,7,6.16,29762.37,24,16,0,187151,0.77,0,0.3,0.3,2915.5,0,0,66.9897,68,73
1,0,0,1,1,4,0,2,2,0,4,0,1,0,3,3,1,3,0,2020,148.9021277,43055.64168,131853.5971,288,0.06,486,3.48,3.0624,29762.37,20,18,0,79310,0.3,0,0.05,0.22,2858.82,0,0,21.4716,59,55
1,0,0,1,1,4,0,2,2,0,4,0,1,0,3,3,1,3,0,2020,170.6553191,43055.64168,151176.9691,288,0.06,557,3.99,3.5112,29762.37,20,18,0,97568,0.1,0,0.12,0.21,3277.785,0,0,24.6183,57,52
1,0,0,1,1,4,0,2,2,0,4,0,1,0,3,3,1,3,0,2020,256.4425532,43055.64168,227333.7881,288,0.06,837,6,5.28,29762.37,24,8.5,0,93142,0.77,0,0,0.25,4623,0,0,57.42,67,69
1,0,0,1,1,4,0,2,2,0,4,0,1,0,3,3,1,3,0,2020,242.9617021,43055.64168,215209.3194,288,0.06,793,5.68,4.9984,29762.37,24,16,0,140783,0.73,0,0.03,0.21,4376.44,0,0,54.1201,66,63
1,0,0,1,0,0,0,2,0,1,0,1,1,0,3,3,1,3,0,2020,200.987234,43055.64168,178078.134,288,0.06,656,4.7,4.136,29762.37,17.99305556,16,0,145971,0.79,0,1.46,0.13,4160.7,0,0,39.2886,65,64
1,0,0,1,1,4,0,2,2,0,4,0,1,0,3,3,1,3,0,2020,200.987234,43055.64168,178078.134,288,0.06,656,4.7,4.136,29762.37,24,8.5,0,105162,1.24,0,0.09,0.17,4160.7,0,0,39.2886,69,70
1,0,0,1,1,4,0,2,2,0,4,0,1,0,3,3,1,3,0,2020,200.987234,43055.64168,178078.134,288,0.06,656,4.7,4.136,29762.37,20,18,0,97468,0.66,0,0.03,0.08,4144.14,0,0,26.8686,66,70
1,0,0,1,1,4,0,2,2,0,4,0,1,0,3,3,1,3,0,2020,200.987234,43055.64168,178078.134,288,0.06,656,4.7,4.136,29762.37,20,18,0,52276,0.78,0,0.49,0.16,4144.14,0,0,21.6936,64,74
1,0,0,4,4,4,0,2,2,0,4,0,1,0,3,3,1,3,0,2020,122.3808511,28703.76112,102552.7977,231,0.12,498,4.06,3.5728,55115.5,20,16,0,94292,0.22,0.24,0.54,0,3239.775,0,0,13.0162,79,106
1,0,0,4,4,4,0,2,2,0,4,0,1,0,3,3,1,3,0,2020,122.3808511,28703.76112,102552.7977,231,0.12,498,4.06,3.5728,55115.5,20,16,0,74106,0.57,0.17,0.53,0,2579.325,0,0,22.5659,82,99
1,0,0,4,4,4,0,2,2,0,4,0,1,0,3,3,1,3,0,2020,122.3808511,28703.76112,102552.7977,231,0.12,498,4.06,3.5728,55115.5,20,16,0,99828,0.49,0.33,1.16,0,705.075,0,0,31.4909,87,92
1,0,0,1,0,0,0,2,0,1,0,1,1,0,3,3,1,3,0,2020,183.2170213,44927.6261,162296.5565,288,0.06,598,4.105,3.6124,29762.37,17.99305556,16,0,39998,1.24,0,1.34,0.14,1714.75,0,0,26.1075,66,71
1,0,0,1,1,4,0,2,2,0,4,0,1,0,3,3,1,3,0,2020,183.2170213,44927.6261,162296.5565,288,0.06,598,4.105,3.6124,29762.37,24,8.5,0,70087,0.69,0,1.36,0.13,1714.75,0,0,38.988,65,70
1,0,0,1,2,2,0,2,2,0,4,0,1,0,3,3,1,3,0,2020,183.2170213,44927.6261,162296.5565,288,0.06,598,4.105,3.6124,29762.37,32,16,0,40684,1.24,0,0.07,0.17,1714.75,0,0,25.4793,68,79
1,0,0,1,2,2,0,2,2,0,4,0,1,0,3,3,1,3,0,2020,183.2170213,44927.6261,162296.5565,288,0.06,598,4.105,3.6124,29762.37,32,16,0,2000,0.78,0,0.31,0.16,1714.75,0,0,22.3206,66,78
1,0,0,1,2,2,0,2,2,0,4,0,1,0,3,3,1,3,0,2020,183.2170213,44927.6261,162296.5565,288,0.06,598,4.105,3.6124,29762.37,32,16,0,65951,0.38,0,0.3,0.1,1389.85,0,0,26.0786,64,71
1,0,0,1,2,2,0,2,2,0,4,0,1,0,3,3,1,3,0,2020,183.2170213,44927.6261,162296.5565,288,0.06,598,4.105,3.6124,29762.37,32,16,0,83663,0.19,0,0.6,0.14,1389.85,0,0,26.0787,65,71
1,0,0,4,4,4,0,2,2,0,4,0,1,0,3,3,1,3,0,2020,152.5531915,28703.76112,127862.6261,200,0.12,717,5.062,4.45456,55115.5,20,16,0,216357,0.36,0.24,0.25,0,1713.25,0,0,31.9287,79,102
1,0,0,4,4,4,0,2,2,0,4,0,1,0,3,3,1,3,0,2020,152.5531915,28703.76112,127862.6261,200,0.12,717,5.062,4.45456,55115.5,20,16,0,106568,0.58,0.12,0.26,0,1713.25,0,0,31.9287,87,100
1,0,0,1,2,2,0,2,2,0,4,0,1,0,3,3,1,3,0,2020,200.987234,43055.64168,178078.134,288,0.06,656,4.7,4.136,29762.37,32,16,0,142306,0.63,0,0.94,0.08,4160.7,0,0,39.2886,65,65
1,0,0,1,2,2,0,2,2,0,4,0,1,0,3,3,1,3,0,2020,200.987234,43055.64168,178078.134,288,0.06,656,4.7,4.136,29762.37,32,16,0,102062,1.08,0,0.32,0.15,4160.7,0,0,39.2886,67,64
1,0,0,1,2,2,0,2,2,0,4,0,1,0,3,3,1,3,0,2020,200.987234,43055.64168,178078.134,288,0.06,656,4.7,4.136,29762.37,32,16,0,99270,0.37,0,0.02,0.1,4144.14,0,0,26.8686,65,71
1,0,0,1,2,2,0,2,2,0,4,0,1,0,3,3,1,3,0,2020,200.987234,43055.64168,178078.134,288,0.06,656,4.7,4.136,29762.37,32,16,0,42900,0.77,0,0.25,0.16,4144.14,0,0,21.6936,65,67
1,0,0,4,4,4,0,2,2,0,4,0,1,0,3,3,1,3,0,2020,122.3808511,28703.76112,102552.7977,231,0.12,498,4.06,3.5728,55115.5,20,16,0,79921,0.5,0.59,0.34,0,3239.775,0,0,13.0163,80,101
1,0,0,4,4,4,0,2,2,0,4,0,1,0,3,3,1,3,0,2020,122.3808511,28703.76112,102552.7977,231,0.12,498,4.06,3.5728,55115.5,20,16,0,88239,0.66,0.15,0.63,0,2579.325,0,0,22.566,85,96
1,0,0,4,4,4,0,2,2,0,4,0,1,0,3,3,1,3,0,2020,122.3808511,28703.76112,102552.7977,231,0.12,498,4.06,3.5728,55115.5,20,16,0,98192,0.61,0.27,0.57,0,705.075,0,0,31.491,89,89
1,0,0,4,4,4,0,2,2,0,4,0,1,0,3,3,1,3,0,2020,81.70212766,32291.73126,68484.30366,200,0.12,384,2.41,2.1208,55115.5,20,16,0,89810,0.4,0.91,0.45,0,2221.76,0,0,1.4798,79,98
1,0,0,4,4,4,0,2,2,0,4,0,1,0,3,3,1,3,0,2020,81.70212766,32291.73126,68484.30366,200,0.12,384,2.41,2.1208,55115.5,20,16,0,86237,0.26,0.97,0.52,0,2221.76,0,0,1.4797,81,106
1,0,0,4,4,4,0,2,2,0,4,0,1,0,3,3,1,3,0,2020,81.70212766,32291.73126,68484.30366,200,0.12,384,2.41,2.1208,55115.5,20,16,0,54252,0.39,0.16,0.71,0,2221.76,0,0,1.4797,83,107
1,0,0,4,4,4,0,2,2,0,4,0,1,0,3,3,1,3,0,2020,81.70212766,32291.73126,68484.30366,200,0.12,384,2.41,2.1208,55115.5,20,16,0,71526,0.37,0.25,1.4,0,2221.76,0,0,1.4798,86,102
1,0,0,4,1,4,0,2,2,0,4,0,1,0,3,3,1,3,0,2020,285.2425532,43055.64168,252736.6167,288,0.06,931,5.87,5.87,29762.37,36.67824074,16,0,121620,0.57,0,0.52,0.07,1085.95,0,0,23.2628,64,76
1,0,0,4,1,4,0,2,2,0,4,0,1,0,3,3,1,3,0,2020,285.2425532,43055.64168,252736.6167,288,0.06,931,5.87,5.87,29762.37,36.67824074,16,0,110670,0.68,0,0.4,0.07,1085.95,0,0,41.36,65,72
1,0,0,4,4,4,0,2,2,0,4,0,1,0,3,3,1,3,0,2020,180.1308511,28703.76112,150981.7835,231,0.12,733,5.26,5.26,55115.5,20,16,0,250814,0.74,0.32,0.59,0,978.36,0,0,52.2106,79,100
1,0,0,4,4,4,0,2,2,0,4,0,1,0,3,3,1,3,0,2020,152.3617021,28703.76112,127731.737,231,0.12,620,4.45,4.45,55115.5,20,16,0,126763,0.88,0.36,0.61,0,827.7,0,0,44.1708,83,104
1,0,0,4,4,4,0,2,2,0,4,0,1,0,3,3,1,3,0,2020,152.3617021,28703.76112,127731.737,231,0.12,620,4.45,4.45,55115.5,20,16,0,108387,1.06,0.3,0.23,0,827.7,0,0,44.1708,89,97
1,0,0,4,1,4,0,2,2,0,4,0,1,0,3,3,1,3,0,2020,197.6170213,43055.64168,175047.0168,288,0.06,645,4.62,4.0656,29762.37,36.67824074,16,0,117203,0.56,0,0.33,0.16,4389,0,0,43.143,64,65
1,0,0,4,1,4,0,2,2,0,4,0,1,0,3,3,1,3,0,2020,199.7617021,43055.64168,176941.465,288,0.06,652,4.67,4.1096,29762.37,36.67824074,16,0,103397,0.99,0,0.15,0.21,4436.5,0,0,43.6099,64,62
1,0,0,4,1,4,0,2,2,0,4,0,1,0,3,3,1,3,0,2020,206.1957447,43055.64168,182624.8097,288,0.06,673,4.82,4.2416,29762.37,36.67824074,16,0,93729,0.7,0,0.53,0.16,4579,0,0,45.0105,65,61
1,0,0,4,4,4,0,2,2,0,4,0,1,0,3,3,1,3,0,2020,128.7702128,28703.76112,109877.9976,231,0.1,524,4.35,3.828,55115.5,36.67824074,16,0,184321,0.88,0.21,0.46,0,4458.75,0,0,42.5082,68,67
1,0,0,4,4,4,0,2,2,0,4,0,1,0,3,3,1,3,0,2020,138.6,28703.76112,116192.825,231,0.12,564,4.6,4.048,55115.5,36.67824074,16,0,163828,0.15,0.51,0.75,0,4715,0,0,44.9511,80,89
1,0,0,1,4,0,0,2,0,2,0,3,1,0,3,3,1,3,0,2020,70.16170213,43055.64168,62137.90207,288,0.06,229,1.64,1.4432,29762.37,17.99305556,15,0,25677,0.61,0,0.68,0.23,1180.7356,0,0,9.3604,66,66
1,0,0,2,1,0,0,2,0,3,0,3,1,0,3,3,1,3,0,2020,93.82978723,62500.12502,88000.17603,373.5,0,105,1.6,1.408,29762.37,21,14,0,25703,0.81,0,1.41,0.2,1122.5567,0,0,8.1321,66,71
1,0,0,2,1,0,0,2,0,3,0,3,1,0,3,3,1,3,0,2020,93.82978723,62500.12502,87450.17493,373.5,0,105,1.59,1.3992,29762.37,21,14,0,33735,0.6,0,0.88,0.2,1115.5489,0,0,8.0814,66,72
1,0,0,2,1,0,0,2,0,3,0,3,1,0,3,3,1,3,0,2020,50.85957447,43055.64168,45087.86797,288,0.06,166,1.19,1.0472,29762.37,21,14,0,22143,0.43,0,0.56,0.19,859.0436,0,0,6.792,66,66
1,0,0,1,4,0,0,2,0,2,0,3,1,0,3,3,1,3,0,2020,128.3744681,43055.64168,113666.894,288,0.06,419,3,2.64,29762.37,19,14,0,72065,0.83,0,0.63,0.3,2163.6253,0,0,17.1228,66,67
1,0,0,1,4,0,0,2,0,2,0,3,1,0,3,3,1,3,0,2020,124.3914894,43055.64168,110256.8872,288,0.06,406,2.91,2.5608,29762.37,19,14,0,71839,0.54,0,0.85,0.19,2098.7566,0,0,16.6092,66,66
1,0,0,1,1,0,0,2,0,3,0,3,1,0,3,3,1,3,0,2020,319.3669148,43055.64168,285303.904,288,0.06,1051,7.53,6.6264,29762.37,27,14,0,153176,0.25,0,0.74,0.19,5434.1268,0,0,42.9782,65,62
1,0,0,2,1,0,0,2,0,2,0,3,1,0,3,3,1,3,0,2020,206.1957447,43055.64168,182624.8097,288,0.06,673,4.82,4.2416,29762.37,18,14,0,101305,0.21,0,1.05,0.25,3489.6811,0,0,27.5105,64,58
1,0,0,2,1,0,0,2,0,3,0,3,1,0,3,3,1,3,0,2020,147.9829787,43055.64168,131095.8178,288,0.06,483,3.46,3.0448,29762.37,27,14,0,48071,0.74,0,1.14,0.18,2503.2609,0,0,19.7488,63,60
1,0,0,2,1,0,0,2,0,3,0,3,1,0,3,3,1,3,0,2020,175.2510638,43055.64168,155344.7552,288,0.06,572,4.1,3.608,29762.37,27,14,0,41887,1.24,0,1.22,0.15,2958.4445,0,0,23.076,63,60
1,0,0,4,1,0,0,2,2,0,4,0,1,0,3,3,1,3,0,2020,233.1574468,43055.64168,206494.8575,288,0.06,761,5.45,4.796,29762.37,33,15,0,95548,0.68,0,0.02,0.2,2799.8312,0,0,37.8366,67,68
1,0,0,4,1,0,0,2,2,0,4,0,1,0,3,3,1,3,0,2020,184.7489362,43055.64168,163680.3274,288,0.06,603,4.32,3.8016,29762.37,33,16,0,69574,1.24,0,0.02,0.25,2220.231,0,0,29.9917,67,67
1,0,0,2,1,0,0,2,2,0,4,0,1,0,3,3,1,3,0,2020,167.2851064,43055.64168,148145.8519,288,0.06,546,3.91,3.4408,29762.37,26,16,0,69479,0.52,0,0.24,0.22,2009.7026,0,0,27.145,66,66
1,0,0,2,1,0,0,2,2,0,4,0,1,0,3,3,1,3,0,2020,143.693617,43055.64168,127306.9213,288,0.06,469,3.36,2.9568,29762.37,26,16,0,65120,0.74,0,0.05,0.27,1728.1352,0,0,23.3266,66,66
1,0,0,1,1,4,0,2,2,0,4,0,1,0,3,3,1,3,0,2020,177.4276596,28703.76112,148777.3346,231,0.12,722,5.89,5.1832,55115.5,36.67824074,16,0,245548,0.5,0.25,0.58,0,3691.0546,0,0,42.7967,80,93
1,0,0,4,4,4,0,2,9,3,5,3,1,0,3,3,1,3,0,2020,266.1414894,28703.76112,227333.7881,231,0.1,1083,7.905,6.8904,55115.5,30,10,0,260735.5,0.5,0.55,0.7,0,6321.0335,0,0,65.3943,75,83
1,0,0,1,4,4,0,2,2,0,4,0,1,0,3,3,1,3,0,2020,96.08617021,28703.76112,82092.7568,231,0.1,391,3.25,2.86,55115.5,25,13,0,27858,0.78,1.793169399,0.37,0,2393.7479,0,0,21.5834,72,88
1,0,0,1,1,4,0,2,2,0,4,0,1,0,3,3,1,3,0,2020,96.33191489,28703.76112,80829.79131,231,0.12,392,3.2,2.816,55115.5,28,16,0,127528,0.34,0.31,0.67,0,2125.6605,0,0,23.2511,83,99
1,0,0,1,1,4,0,2,2,0,4,0,1,0,3,3,1,3,0,2020,210.8489362,28703.76112,176815.1685,231,0.12,858,7,6.16,55115.5,28,16,0,260735.5,0.43,0.33,0.64,0,4651.003,0,0,65.3345,84,97
1,0,0,1,1,0,0,2,2,0,4,0,1,0,3,3,1,3,0,2020,180.1308511,28703.76112,151050.6725,231,0.12,733,5.98,5.2624,55115.5,24,16,0,260735.5,0.29,0.3,0.81,0,4398.8228,0,0,48.0262,85,91
1,0,0,2,1,0,0,2,2,0,4,0,1,0,3,3,1,3,0,2020,177.1819149,28703.76112,148524.7415,231,0.12,721,5.88,5.1744,55115.5,25,16,0,211397,0.49,0.52,0.43,0,3003.8861,0,0,47.223,86,90
1,0,0,4,4,4,0,2,2,0,4,0,1,0,3,3,1,3,0,2020,180.6223404,28703.76112,151555.8587,231,0.12,735,6,5.28,55115.5,36.67824074,16,0,260735.5,0.37,0.24,1.09,0,4731.9657,0,0,34.1621,87,92
1,0,0,4,4,4,0,2,2,0,4,0,1,0,3,3,1,3,0,2020,223.1361702,28703.76112,187171.4855,231,0.12,908,7.41,6.5208,55115.5,36.67824074,16,0,260735.5,0.43,0.19,0.98,0,5845.4099,0,0,46.8212,88,90
1,0,0,4,4,4,0,2,2,0,4,0,1,0,3,3,1,3,0,2020,131.7191489,28703.76112,110383.1838,231,0.12,536,4.37,3.8456,55115.5,34,16,0,260735.5,0.52,0.52,0.84,0,3648.988,0,0,27.6126,89,103
1,0,0,4,4,4,0,2,2,0,4,0,1,0,3,3,1,3,0,2020,154.8191489,28703.76112,129832.8523,231,0.12,630,5.14,4.5232,55115.5,34,16,0,97604,0.19,0.1,1.82,0,4297.148,0,0,32.4779,90,99
1,0,0,4,1,4,0,2,2,0,4,0,1,0,3,3,1,3,0,2020,238.9787234,43055.64168,217861.5469,288,0.03,780,5.75,5.06,29762.37,36.67824074,16,0,164182,0.67,0,0.35,0.12,0,0,0,0,64,66
1,0,0,4,1,4,0,2,2,0,4,0,1,0,3,3,1,3,0,2020,238.9787234,43055.64168,217861.5469,288,0.03,780,5.75,5.06,29762.37,36.67824074,16,0,148673,0.54,0,0.2,0.13,0,0,0,0,65,74
1,0,0,4,4,4,0,2,2,0,4,0,1,0,3,3,1,3,0,2020,105.5319149,28703.76112,92701.66691,200,0.07,496,3.67,3.2296,55115.5,20,16,0,223507,0.34,0.94,0.32,0,0,0,0,0,79,93
1,0,0,4,4,4,0,2,2,0,4,0,1,0,3,3,1,3,0,2020,105.5319149,28703.76112,92701.66691,200,0.07,496,3.67,3.2296,55115.5,20,16,0,156038,0.33,0.73,0.31,0,0,0,0,0,82,99
1,0,0,4,4,4,0,2,2,0,4,0,1,0,3,3,1,3,0,2020,105.5319149,28703.76112,92701.66691,200,0.07,496,3.67,3.2296,55115.5,20,16,0,114053,0.19,0.16,2.05,0,0,0,0,0,87,102
1,0,0,4,0,1,0,2,1,3,0,3,1,0,3,3,1,4,0,2021,206.6712766,28703.76112,176562.5754,231,0.1,841,6.99,6.1512,55115.5,35,16,0,146057,0.34,1.72,0.77,0,0,0,0,0,84,69
1,0,0,2,2,4,0,2,1,2,0,1,1,0,3,3,1,4,0,2021,227.0680851,28703.76112,190455.1958,231,0.12,924,7.54,6.6352,55115.5,30,16,0,250666,0.16,1.16,0.51,0,0,0,0,0,92,75
1,0,0,1,1,2,0,2,2,0,4,0,1,0,3,3,1,4,0,2021,187.812766,43055.64168,166332.5549,288,0.06,613,4.39,3.8632,29762.37,35,16,0,51248,0.34,0,0.73,0.32,2815.5265,0,0,44.0097,69,74
1,0,0,0,3,3,0,2,2,0,4,0,1,0,3,3,1,4,0,2021,178.3148936,43055.64168,157996.9827,288,0.06,582,4.17,3.6696,29762.37,30,15,0,55429,0.43,0,0.85,0.21,2674.4295,0,0,41.8044,68,71
1,0,0,2,4,2,0,2,1,1,0,1,1,0,3,3,1,4,0,2021,178.0085106,43055.64168,157618.0931,288,0.06,581,4.16,3.6608,29762.37,20,16,0,66272,0.15,0,1.73,0.2,2657.616,0,0,18.8618,59,55
1,0,0,1,2,2,0,2,1,2,2,1,1,0,3,3,1,4,0,2021,162.0765957,43055.64168,143599.1761,288,0.06,529,3.79,3.3352,29762.37,20,16,0,77832,0.13,0,1.87,0.19,2430.7165,0,0,34.0152,64,65
1,0,0,4,4,4,0,2,1,2,2,1,1,0,3,3,1,3,0,2021,231.012766,43055.64168,204600.4093,288,0.06,754,5.4,4.752,29762.37,35,16,0,74267,0.17,0,2.06,0.18,3463.29,0,0,51.5213,63,62
1,0,0,1,1,2,0,2,2,0,4,0,1,0,3,3,1,4,0,2021,206.5021277,43055.64168,183003.6994,288,0.06,674,4.83,4.2504,29762.37,35,16,0,58698,0.39,0,0.57,0.24,3242.6205,0,0,41.1757,67,68
1,0,0,1,4,1,0,2,2,0,4,0,1,0,3,3,1,0,0,2021,220.2893617,43055.64168,195128.1681,288,0.06,719,5.15,4.532,29762.37,17.99305556,16,0,91854,0.83,0,0.75,0.24,3457.4525,0,0,62.135,67,69
1,0,0,1,4,1,0,2,2,0,4,0,1,0,3,3,1,0,0,2021,168.2042553,43055.64168,148903.6312,288,0.06,549,3.93,3.4584,29762.37,17.99305556,16,0,50095,0.82,0,1.12,0.21,2638.4055,0,0,52.4245,66,70
1,0,0,0,4,4,0,2,2,0,4,0,1,0,3,3,1,0,0,2021,213.8553191,43055.64168,189444.8234,288,0.06,698,5,4.4,29762.37,36.67824074,16,0,45539,0.67,0,1.41,0.17,1272.5,0,0,43.6,66,70
1,0,0,0,4,4,0,2,2,0,4,0,1,0,3,3,1,0,0,2021,227.9489362,43055.64168,201948.1817,288,0.06,744,5.33,4.6904,29762.37,36.67824074,15,0,54145,0.68,0,0.31,0.18,1356.485,0,0,45.5846,65,68
1,0,0,4,2,1,0,2,2,0,4,0,1,0,3,3,1,3,0,2021,127.05,28703.76112,106594.2873,231,0.12,517,4.22,3.7136,55115.5,30,16,0,156136,0.04,1.43,0.43,0,3148.12,0,0,40.3238,91,82
1,0,0,4,2,4,0,2,2,0,4,0,1,0,3,3,1,3,0,2021,158.5053191,28703.76112,132863.9695,231,0.12,645,5.26,4.6288,55115.5,17.99305556,16,0,197983,0.04,1.1,0.48,0,3923.96,0,0,50.3525,91,81
1,0,0,0,3,3,0,2,2,0,4,0,1,0,3,3,1,3,0,2021,171.2840426,28703.76112,143725.4727,231,0.12,697,5.69,5.0072,55115.5,29.6712963,16,0,138497,0,1.32,0.91,0,4244.74,0,0,53.16,92,94
1,1,0,4,0,1,0,2,1,3,0,3,1,0,3,3,1,4,0,2021,0,7175.94028,0,145.5,0,65.5,1,1,55115.5,35,16,0,25998,0,1.793169399,0.22,0,0,0,0,0,36.5,119.75
0,0,0,2,2,2,2,1,1,3,2,3,1,0,3,3,1,3,0,2021,242.9617021,43055.64168,215209.3194,288,0.06,793,5.68,4.9984,24250.82,36.67824074,16,0,110220,0.25,0,1.29,0.1,0,0,0,0,67,65
0,0,0,2,2,2,2,1,1,3,2,3,1,0,3,3,1,3,0,2021,266.2468085,43055.64168,236048.2499,288,0.06,869,6.23,5.4824,24250.82,36.67824074,16,0,113785,0.3,0,0.92,0.12,0,0,0,0,66,63
0,0,0,1,2,2,1,1,1,2,7,1,1,0,3,3,1,4,0,2021,229.1744681,43055.64168,203084.8507,288,0.06,748,5.36,4.7168,24250.82,20,14,0,36844,0.96,0,0.75,0.13,0,0,0,0,66,64
0,0,0,1,0,2,0,2,1,2,2,3,1,0,3,3,1,4,0,2021,133.5829787,43055.64168,118213.5698,288,0.06,436,3.12,2.7456,24250.82,17.99305556,14,0,111639.9727,0.546302368,0.71726776,1.101621129,0.106539162,0,0,0,0,65,33.75
0,0,2,1,1,1,1,1,1,3,2,3,1,0,3,3,1,4,0,2021,202.212766,43055.64168,179214.8029,288,0.06,660,4.73,4.1624,24250.82,36.67824074,16,0,83288,0.22,0,0.52,0.22,208.12,0,0,3.5238,63,66
0,0,0,0,3,3,3,1,1,0,2,3,1,0,3,3,1,4,0,2021,241.1234043,43055.64168,213693.7608,288,0.06,787,5.64,4.9632,24250.82,35,16,0,113703,0.29,0,1.01,0.17,10001.96918,0,0,70.4118,62,59
0,0,0,0,3,3,1,1,1,0,2,1,1,0,3,3,1,4,0,2021,261.9574468,43055.64168,232259.3535,288,0.06,855,6.13,5.3944,24250.82,36.67824074,17,0,105128,0.32,0,0.8,0.16,1699.68,0,0,35.2168,62,61
0,0,0,4,2,2,0,2,1,3,2,1,1,0,3,3,1,3,0,2021,124.3468085,28703.76112,106089.1011,231,0.1,506,4.2,3.696,44092.4,35,16,0,158067,0.51,1.33,0.42,0,4334.4,0,0,23.2218,81,71
0,0,0,2,2,2,0,2,1,3,2,4,1,0,3,3,1,3,0,2021,80.11276596,28703.76112,67189.76403,231,0.12,326,2.66,2.3408,44092.4,17.99305556,16,0,60636,1.24,1.37,0.35,0,3370.22,0,0,13.7362,91,71
0,0,0,2,4,5,0,2,2,0,4,0,1,0,3,3,1,0,0,2021,195.1212766,28703.76112,166711.4446,231,0.1,794,6.6,5.808,44092.4,35,16,0,110254,0.42,0.81,2.61,0,8441.4,0,0,22.209,71,55
0,0,0,2,2,1,0,2,2,0,4,0,1,0,3,3,1,3,0,2021,167.106383,28703.76112,142715.1003,231,0.1,680,5.65,4.972,44092.4,17.99305556,17,0,157077,0.77,1.1,0.63,0,5814.8,0,0,22.6888,80,73
0,0,0,1,2,4,0,2,1,3,2,1,1,0,3,3,1,4,0,2021,85.02765957,28703.76112,72494.21908,231,0.1,346,2.87,2.5256,44092.4,30,17,0,84728,0.34,0.07,1.56,0,3027.85,0,0,14.8236,79,65
0,0,0,0,3,3,0,2,1,3,0,3,1,0,3,3,1,3,0,2021,155.3106383,28703.76112,130338.0385,231,0.12,632,5.16,4.5408,44092.4,20,16,0,175604,0.53,0.72,0.86,0,5433.48,0,0,26.6463,90,68
0,0,0,2,4,2,0,2,2,0,4,0,1,0,3,3,1,4,0,2021,114.5170213,28703.76112,95985.37719,231,0.12,466,3.8,3.344,44092.4,20,12,0,109413,0.02,1.24,0.4,0,164.16,0,0,33.7022,91,82
0,0,0,2,4,2,0,2,2,0,4,0,1,0,3,3,1,4,0,2021,224.856383,28703.76112,191970.7544,231,0.1,915,7.6,6.688,44092.4,20,12,0,238610,0.57,1.793169399,0.41,0,290.32,0,0,64.638,82,70
0,0,0,0,3,3,0,2,2,0,4,0,1,0,3,3,1,4,0,2021,75.44361702,28703.76112,63148.27446,231,0.12,307,2.5,2.2,44092.4,25,12,0,163171,0.05,1.75,0.45,0,108,0,0,22.1725,92,79
0,1,0,1,1,2,0,2,2,0,4,0,1,0,3,3,1,4,0,2021,0,28703.76112,86111.28336,200,0.1,474,3,3,44092.4,25,12,0,111639.9727,0.546302368,0.71726776,1.101621129,0.106539162,0,0,0,0,81,33.75
0,0,0,0,3,3,0,2,2,0,4,0,1,0,3,3,1,0,0,2021,253.9914894,43055.64168,225060.4502,288,0.06,829,5.94,5.2272,24250.82,25,12,0,125330,0.09,0,1.19,0.19,41.58,0,0,39.9644,69,69
0,0,0,2,4,2,0,2,2,0,4,0,1,0,3,3,1,4,0,2021,231.6255319,43055.64168,205358.1886,288,0.06,756,5.42,4.7696,24250.82,20,12,0,118047,0.11,0,1.07,0.18,37.94,0,0,36.4658,69,68
0,0,0,0,3,3,0,2,1,3,2,4,1,0,3,3,1,0,0,2021,218.7574468,43055.64168,193991.4992,288,0.06,714,5.12,4.5056,24250.82,36.67824074,17,0,91619,0.12,0,1.02,0.2,35.84,0,0,34.4474,68,65
0,0,0,0,3,3,0,2,1,3,2,4,1,0,3,3,1,0,0,2021,223.6595745,43055.64168,198159.2853,288,0.06,730,5.23,4.6024,24250.82,36.67824074,17,0,108220,0.08,0,1.33,0.2,36.61,0,0,35.1874,68,63
0,0,0,0,3,3,0,2,1,3,2,4,1,0,3,3,1,0,0,2021,188.4255319,43055.64168,167090.3342,288,0.06,615,4.41,3.8808,24250.82,36.67824074,16,0,125436,0.08,0,1.4,0.18,30.87,0,0,29.6704,68,63
0,0,0,0,3,3,0,2,1,3,2,4,1,0,3,3,1,0,0,2021,253.0723404,43055.64168,224302.6709,288,0.06,826,5.92,5.2096,24250.82,36.67824074,17,0,191992,0.06,0,1.04,0.2,6902.72,0,0,12.2189,69,67
0,0,0,0,3,3,0,2,1,3,2,4,1,0,3,3,1,0,0,2021,270.2297872,43055.64168,239458.2568,288,0.06,882,6.32,5.5616,24250.82,36.67824074,17,0,112383,0.08,0,0.81,0.12,7369.12,0,0,13.0445,69,67
0,0,0,0,3,3,0,2,1,3,2,4,1,0,3,3,1,0,0,2021,261.3446809,43055.64168,231501.5742,288,0.06,853,6.11,5.3768,24250.82,36.67824074,16,0,140459,0.1,0,1.09,0.17,7124.26,0,0,12.611,68,64
0,0,0,0,3,3,0,2,1,3,0,1,1,0,3,3,1,3,0,2021,222.7404255,43055.64168,197401.506,288,0.06,727,5.21,4.5848,24250.82,36.67824074,16,0,86210,0.07,0,1.1,0.18,6074.86,0,0,10.7534,68,62
0,0,0,0,3,3,0,2,1,3,0,1,1,0,3,3,1,3,0,2021,197.0042553,43055.64168,174668.1272,288,0.06,643,4.61,4.0568,24250.82,36.67824074,16,0,98824,0.17,0,0.93,0.15,9289.15,0,0,15.508,68,64
0,0,0,0,3,3,0,2,1,3,0,1,1,0,3,3,1,3,0,2021,186.587234,43055.64168,165195.886,288,0.06,609,4.36,3.8368,24250.82,36.67824074,16,0,110325,0.31,0,1.03,0.12,8785.4,0,0,14.667,62,59
0,0,0,0,3,3,0,2,1,3,0,1,1,0,3,3,1,3,0,2021,227.0297872,43055.64168,201190.4024,288,0.06,741,5.31,4.6728,24250.82,36.67824074,16,0,117640,0.21,0,0.87,0.12,10001.96918,0,0,39.1028,67,67
0,0,0,1,1,2,0,2,1,3,0,1,1,0,3,3,1,3,0,2021,184.7489362,43055.64168,163680.3274,288,0.06,603,4.32,3.8016,24250.82,36.67824074,15,0,116454,0.35,0,0.62,0.19,8691.84,0,0,1.5725,67,60
0,0,0,1,1,2,0,2,1,3,0,1,1,0,3,3,1,3,0,2021,146.7095745,28703.76112,125286.1765,231,0.1,597,4.96,4.3648,44092.4,36.67824074,15,0,46149,0.58,1.793169399,0.36,0,10001.96918,0,0,56.8614,80,71
0,0,0,1,4,2,0,2,1,2,0,3,1,0,3,3,1,3,0,2021,148.4297872,28703.76112,124528.3972,231,0.12,604,4.93,4.3384,44092.4,36.67824074,16,0,199611,0.73,1.793169399,0.38,0,10001.96918,0,0,19.5425,91,81
0,0,0,1,4,2,0,2,1,2,0,3,1,0,3,3,1,3,0,2021,111.5680851,28703.76112,95227.59789,231,0.1,454,3.77,3.3176,44092.4,36.67824074,16,0,111639.9727,0.546302368,0.71726776,1.101621129,0.106539162,7683.26,0,0,14.9443,82,33.75
1,1,0,4,2,2,0,2,1,3,2,4,1,0,3,3,1,3,0,2021,0,7175.94028,0,145.5,0,65.5,1,1,55115.5,33,15,0,260735.5,0.57,1.793169399,0.19,0,0,0,0,0,36.5,119.75
1,1,0,4,2,4,0,2,1,3,2,3,1,0,3,3,1,3,0,2021,0,7175.94028,0,145.5,0,65.5,1,1,29762.37,18,16,0,33588,0.43,0,1.12,0.22,0,0,0,0,36.5,119.75
1,0,0,0,3,3,0,2,2,0,4,0,1,0,3,3,1,0,0,2021,255.2170213,43055.64168,226197.1191,288,0.06,833,5.97,5.2536,29762.37,29.6712963,15,0,141642,1,0,0.24,0.11,0,0,0,47.2045,64,61
1,0,0,4,1,1,2,1,1,3,2,1,1,0,3,3,1,3,0,2021,180.1531915,43055.64168,159512.5413,288,0.06,588,4.21,3.7048,29762.37,36.67824074,15,0,74805,0.65,0,0.2,0.13,0,0,0,33.5747,65,60
1,0,0,4,1,1,2,1,1,3,2,1,1,0,3,3,1,3,0,2021,177.0893617,43055.64168,156860.3138,288,0.06,578,4.14,3.6432,29762.37,36.67824074,15,0,80174,0.75,0,0.2,0.12,0,0,0,30.429,65,60
1,0,0,4,1,1,2,1,1,3,2,1,1,0,3,3,1,3,0,2021,200.987234,43055.64168,178078.134,288,0.06,656,4.7,4.136,29762.37,36.67824074,15,0,99239,0.54,0,0.54,0.16,0,0,0,25.5895,57,51
1,0,0,4,1,1,0,2,2,0,4,0,1,0,3,3,1,3,0,2021,157.4808511,43055.64168,139431.39,288,0.06,514,3.68,3.2384,29762.37,36.67824074,14,0,102747,0.19,0,0.48,0.14,0,0,0,20.2903,54,50
1,0,0,4,1,1,0,2,2,0,4,0,1,0,3,3,1,3,0,2021,147.9829787,43055.64168,131095.8178,288,0.06,483,3.46,3.0448,29762.37,36.67824074,13,0,100114,0.48,0,0.64,0.18,0,0,0,19.0428,54,49
1,0,0,2,4,1,0,2,2,0,4,0,1,0,3,3,1,0,0,2021,117.9574468,43055.64168,104573.5425,288,0.06,385,2.76,2.4288,29762.37,25,16,0,54447,1.01,0,0.07,0.19,0,0,0,23.9751,65,63
1,0,0,4,1,1,0,2,1,3,0,1,1,0,3,3,1,3,0,2021,167.2851064,43055.64168,148145.8519,288,0.06,546,3.91,3.4408,29762.37,35,14,0,118936,0.65,0,0.98,0.12,2158.32,0,0,14.4474,65,63
1,0,0,4,4,2,0,2,1,1,0,1,1,0,3,3,1,3,0,2021,167.2851064,43055.64168,148145.8519,288,0.06,546,3.91,3.4408,29762.37,36.67824074,12,0,81665,0.46,0,0.02,0.1,2150.5,0,0,14.4747,69,74
1,0,0,4,4,2,0,2,1,1,0,1,1,0,3,3,1,3,0,2021,167.2851064,43055.64168,148145.8519,288,0.06,546,3.91,3.4408,29762.37,35,14,0,64558,0.45,0,0.1,0.06,1427.15,0,0,14.4751,67,68
1,0,0,4,4,2,0,2,1,1,0,1,1,0,3,3,1,3,0,2021,167.2851064,43055.64168,148145.8519,288,0.06,546,3.91,3.4408,29762.37,35,14,0,88832,0.57,0,0.03,0.06,4039.03,0,0,18.8266,65,67
1,0,0,4,4,2,0,2,1,1,0,1,1,0,3,3,1,3,0,2021,167.2851064,43055.64168,148145.8519,288,0.06,546,3.91,3.4408,29762.37,35,14,0,101924,1.24,0,0.02,0.16,2592.33,0,0,17.4894,64,66
1,0,0,4,2,2,0,2,1,3,2,4,1,0,3,3,1,3,0,2021,115.5,28703.76112,96743.15648,231,0.12,470,3.83,3.3704,55115.5,33,15,0,119851,1.24,1.45,0.24,0,3137.919,0,0,9.3758,86,72
1,0,0,4,2,2,0,2,1,3,2,4,1,0,3,3,1,3,0,2021,115.5,28703.76112,96743.15648,231,0.12,470,3.83,3.3704,55115.5,33,15,0,170245,0.78,1.793169399,0.21,0,1681.37,0,0,12.2484,90,80
1,0,0,4,2,2,0,2,1,3,2,4,1,0,3,3,1,3,0,2021,115.5,28703.76112,96743.15648,231,0.12,470,3.83,3.3704,55115.5,33,15,0,198081,0.16,1.47,0.18,0,980.48,0,0,9.6937,93,80
1,0,0,4,1,1,0,2,1,3,0,1,1,0,3,3,1,3,0,2021,185.9744681,44927.6261,164747.8078,288,0.06,607,4.167,3.66696,29762.37,35,14,0,107199,0.43,0,0.83,0.11,0,0,0,18.348,66,68
1,0,0,4,4,2,0,2,1,1,0,1,1,0,3,3,1,3,0,2021,185.9744681,44927.6261,164747.8078,288,0.06,607,4.167,3.66696,29762.37,36.67824074,12,0,128001,0.58,0,0.62,0.11,0,0,0,18.348,64,66
1,0,0,4,4,2,0,2,1,1,0,1,1,0,3,3,1,3,0,2021,185.9744681,44927.6261,164747.8078,288,0.06,607,4.167,3.66696,29762.37,35,14,0,74692,0.61,0,0.26,0.07,0,0,0,17.931,68,77
1,0,0,4,4,2,0,2,1,1,0,1,1,0,3,3,1,3,0,2021,185.9744681,44927.6261,164747.8078,288,0.06,607,4.167,3.66696,29762.37,35,14,0,79226,0.48,0,0.42,0.06,0,0,0,22.3845,66,68
1,0,0,4,4,2,0,2,1,1,0,1,1,0,3,3,1,3,0,2021,185.9744681,44927.6261,164747.8078,288,0.06,607,4.167,3.66696,29762.37,35,14,0,91786,0.68,0,0.41,0.11,0,0,0,20.6456,64,64
1,0,0,4,4,2,0,2,1,1,0,1,1,0,3,3,1,3,0,2021,185.9744681,44927.6261,164747.8078,288,0.06,607,4.167,3.66696,29762.37,35,14,0,76650,0.96,0,0.18,0.08,0,0,0,16.9969,65,63
1,0,0,4,2,2,0,2,1,3,2,4,1,0,3,3,1,3,0,2021,160.4255319,28703.76112,134632.1212,200,0.12,754,5.33,4.6904,55115.5,33,15,0,145102,0.85,0.71,0.31,0,0,0,0,30.2744,87,71
1,0,0,4,2,2,0,2,1,3,2,4,1,0,3,3,1,3,0,2021,157.6595745,28703.76112,134632.1212,200,0.1,741,5.33,4.6904,55115.5,33,15,0,213885,0.27,1.18,0.3,0,0,0,0,29.7414,79,70
1,0,0,4,2,2,0,2,1,3,2,4,1,0,3,3,1,3,0,2021,160.4255319,28703.76112,134632.1212,200,0.12,754,5.33,4.6904,55115.5,33,15,0,195236,1.24,1.75,0.35,0,0,0,0,29.7414,93,67
1,0,0,0,3,3,0,2,1,3,0,1,1,0,3,3,1,3,0,2021,167.2851064,43055.64168,148145.8519,288,0.06,546,3.91,3.4408,29762.37,36.67824074,16,0,42215,1.24,0,0,0.14,1868.98,0,0,14.3616,65,69
1,0,0,4,4,2,0,2,1,1,0,1,1,0,3,3,1,3,0,2021,167.2851064,43055.64168,148145.8519,288,0.06,546,3.91,3.4408,29762.37,35,14,0,122274,0.65,0,0.9,0.12,2158.32,0,0,14.4593,64,61
1,0,0,4,4,2,0,2,1,1,0,1,1,0,3,3,1,3,0,2021,167.2851064,43055.64168,148145.8519,288,0.06,546,3.91,3.4408,29762.37,35,14,0,143559,0.52,0,0.27,0.06,762.45,0,0,14.4747,68,71
1,0,0,4,4,2,0,2,1,1,0,1,1,0,3,3,1,3,0,2021,167.2851064,43055.64168,148145.8519,288,0.06,546,3.91,3.4408,29762.37,35,14,0,54589,0.23,0,0.02,0.06,3300.04,0,0,14.3616,66,70
1,0,0,4,4,2,0,2,1,1,0,1,1,0,3,3,1,3,0,2021,167.2851064,43055.64168,148145.8519,288,0.06,546,3.91,3.4408,29762.37,35,14,0,75544,0.63,0,0.14,0.06,3315.68,0,0,14.9166,64,68
1,0,0,4,2,2,0,2,1,3,2,4,1,0,3,3,1,3,0,2021,115.5,28703.76112,96743.15648,231,0.12,470,3.83,3.3704,55115.5,33,15,0,159353,0.18,1.793169399,0.2,0,3137.919,0,0,12.2484,88,78
1,0,0,4,2,2,0,2,1,3,2,4,1,0,3,3,1,3,0,2021,115.5,28703.76112,96743.15648,231,0.12,470,3.83,3.3704,55115.5,33,15,0,181805,0.29,1.44,0.21,0,1681.37,0,0,9.3758,91,79
1,0,0,4,2,2,0,2,1,3,2,4,1,0,3,3,1,3,0,2021,113.2882979,28703.76112,96743.15648,231,0.1,461,3.83,3.3704,55115.5,33,15,0,138960,1.24,1.793169399,0.19,0,980.48,0,0,9.6938,80,62
1,0,0,4,2,2,0,2,1,3,2,4,1,0,3,3,1,3,0,2021,81.83297872,32291.73126,68484.30366,231,0.12,333,2.41,2.1208,55115.5,33,15,0,61365,1.22,1.36,0.38,0,1455.64,0,0,8.1506,87,75
1,0,0,4,2,2,0,2,1,3,2,4,1,0,3,3,1,3,0,2021,81.83297872,32291.73126,68484.30366,231,0.12,333,2.41,2.1208,55115.5,33,15,0,59792,1.24,1.28,0.19,0,1455.64,0,0,8.1506,90,73
1,0,0,4,2,2,0,2,1,3,2,4,1,0,3,3,1,3,0,2021,80.35851064,32291.73126,68484.30366,231,0.1,327,2.41,2.1208,55115.5,33,15,0,74586,0.35,1.46,0.43,0,1455.64,0,0,8.1507,79,63
1,0,0,4,2,2,0,2,1,3,2,4,1,0,3,3,1,3,0,2021,80.35851064,32291.73126,68484.30366,231,0.1,327,2.41,2.1208,55115.5,33,15,0,103159,0.46,1.793169399,0.5,0,1455.64,0,0,8.7531,80,66
1,0,0,4,1,1,0,2,1,3,0,1,1,0,3,3,1,3,0,2021,98.34893617,43055.64168,86972.39619,288,0.06,321,2.02,2.02,29762.37,35,14,0,105129,0.53,0,1.16,0.07,2240.18,0,0,10.4697,61,65
1,0,0,4,4,2,0,2,1,1,0,1,1,0,3,3,1,3,0,2021,98.34893617,43055.64168,86972.39619,288,0.06,321,2.02,2.02,29762.37,36.67824074,12,0,94797,0.36,0,0.87,0.07,2240.18,0,0,10.4697,64,76
1,0,0,4,4,2,0,2,1,1,0,1,1,0,3,3,1,3,0,2021,196.6978723,43055.64168,174375.3488,288,0.06,642,4.05,4.05,29762.37,35,14,0,140244,0.31,0,1.32,0.1,4491.45,0,0,20.9911,64,80
1,0,0,4,4,2,0,2,1,1,0,1,1,0,3,3,1,3,0,2021,196.6978723,43055.64168,174375.3488,288,0.06,642,4.05,4.05,29762.37,35,14,0,111639.9727,0.546302368,0.71726776,1.101621129,0.106539162,4491.45,0,0,20.9911,65,33.75
1,0,0,4,2,2,0,2,1,3,2,4,1,0,3,3,1,3,0,2021,180.1308511,28703.76112,150981.7835,231,0.12,733,5.26,5.26,55115.5,33,15,0,32930,1.24,0.74,0.7,0,5917.5,0,0,71.73275,87,66
1,0,0,4,2,2,0,2,1,3,2,4,1,0,3,3,1,3,0,2021,180.1308511,28703.76112,150981.7835,231,0.12,733,5.26,5.26,55115.5,33,15,0,260735.5,0.54,1.29,0.21,0,5917.5,0,0,71.73275,93,70
1,0,0,4,1,1,2,1,1,3,2,1,1,0,3,3,1,3,0,2021,182.2978723,43055.64168,161406.9895,288,0.06,595,4.26,3.7488,29762.37,36.67824074,15,0,101043,0.21,0,0.78,0.19,4668.96,0,0,45.5394,60,57
1,0,0,4,1,1,2,1,1,3,2,1,1,0,3,3,1,3,0,2021,198.8425532,43055.64168,176183.6858,288,0.06,649,4.65,4.092,29762.37,36.67824074,15,0,63655,0.68,0,0.69,0.13,5096.4,0,0,50.2886,65,62
1,0,0,4,1,1,2,1,1,3,2,1,1,0,3,3,1,3,0,2021,205.5829787,43055.64168,182245.9201,288,0.06,671,4.81,4.2328,29762.37,36.67824074,15,0,76105,0.39,0,0.88,0.12,5310.16,0,0,53.3621,66,61
1,0,0,1,4,1,0,2,1,3,0,4,1,0,3,3,1,3,0,2021,136.8797872,28703.76112,116950.6043,231,0.1,557,4.63,4.0744,55115.5,35,16,0,43152,0.54,0.32,1.67,0,4551.29,0,0,36.3225,72,60
1,0,0,4,1,1,0,2,2,0,4,0,1,0,3,3,1,0,0,2021,123.1180851,28703.76112,105078.7287,231,0.1,501,4.16,3.6608,55115.5,30,16,0,88884,0.44,1.793169399,2.36,0,4089.28,0,0,27.0816,82,57
1,0,0,2,1,1,0,2,2,0,4,0,1,0,3,3,1,0,0,2021,143.0234043,28703.76112,119981.7215,231,0.12,582,4.75,4.18,55115.5,30,15,0,100929,0.35,1.09,1.82,0,5191.75,0,0,29.6001,87,68
1,0,0,4,1,1,0,2,2,0,4,0,1,0,3,3,1,0,0,2021,239.2851064,43055.64168,212178.2022,288,0.06,781,5.6,4.928,29762.37,17.99305556,16,0,145027,0.1,0,1.82,0.25,10001.96918,0,0,53.088,67,63
1,0,0,4,2,4,0,2,1,3,0,3,1,0,3,3,1,3,0,2021,154.1106383,43055.64168,136400.2728,288,0.06,503,3.6,3.168,29762.37,25,15,0,88543,0.15,0,2.03,0.2,2836.8,0,0,33.408,67,63
1,0,0,2,1,1,0,2,2,0,4,0,1,0,3,3,1,0,0,2021,85.48085106,43055.64168,75777.92936,288,0.06,279,2,1.76,29762.37,30,16,0,45982,0.1,0,1.78,0.17,7675.54,0,0,12.9,67,64
1,0,0,1,4,2,0,2,1,3,0,1,1,0,3,3,1,3,0,2021,22.05957447,43055.64168,19323.37199,288,0.06,72,0.585,0.6248,29762.37,36.67824074,16,0,13008,0.32,0,1.44,0.12,1952.28,0,0,3.3049,67,62
1,0,0,4,4,4,0,2,2,0,4,0,1,0,3,3,1,0,0,2021,19.91489362,43055.64168,17428.92375,288,0.06,65.5,0.585,0.6248,29762.37,20,16,0,13207,0.38,0,1.47,0.15,362.48,0,0,4.2688,67,62
1,0,0,0,3,3,0,2,2,0,4,0,1,0,3,3,1,3,0,2021,230.093617,43055.64168,203842.63,288,0.06,751,5.38,4.7344,29762.37,30,16,0,130745,0.16,0,1.37,0.24,4562.24,0,0,34.8624,67,61
1,0,0,0,3,3,0,2,2,0,4,0,1,0,3,3,1,3,0,2021,261.9574468,43055.64168,232259.3535,288,0.06,855,6.13,5.3944,29762.37,30,16,0,136233,0.26,0,1.48,0.19,10001.96918,0,0,36.7494,66,60
1,0,0,2,2,2,0,2,2,0,4,0,1,0,3,3,1,3,0,2021,74.45106383,43055.64168,65926.79854,288,0.06,243,1.74,1.5312,29762.37,17.99305556,16,0,37807,0.33,0,0.54,0.17,6822.54,0,0,10.4313,61,57
1,0,0,1,2,0,0,2,2,0,4,0,1,0,3,3,1,0,0,2021,42.89361702,43055.64168,37888.96468,288,0.06,140,1,0.88,29762.37,35,15,0,20206,0.87,0,1.33,0.23,3534.62,0,0,12.74,66,61
1,0,0,0,3,3,0,2,1,3,8,3,1,0,3,3,1,3,0,2021,186.893617,43055.64168,165574.7756,288,0.06,610,4.37,3.8456,29762.37,36.67824074,16,0,108404,0.26,0,1.24,0.21,10001.96918,0,0,69.07,65,59
1,0,0,0,3,3,0,2,2,0,4,0,1,0,3,3,1,4,0,2021,226.7234043,43055.64168,200811.5128,288,0.06,740,5.3,4.664,29762.37,30,13,0,162081,0.17,0,0.95,0.22,10001.96918,0,0,71.73275,64,57
1,0,0,0,3,3,0,2,1,2,2,3,1,0,3,3,1,4,0,2021,236.8340426,43055.64168,209904.8643,288,0.06,773,5.54,4.8752,29762.37,30,13,0,185465,0.45,0,0.51,0.19,10001.96918,0,0,71.73275,64,57
1,0,0,0,3,3,0,2,2,0,4,0,1,0,3,3,1,3,0,2021,177.4276596,28703.76112,151555.8587,231,0.1,722,6,5.28,55115.5,30,15,0,228987,0.64,0.63,0.56,0,10001.96918,0,0,48.3375,82,69
1,0,0,1,2,2,0,2,1,2,0,3,1,0,3,3,1,3,0,2021,162.6829787,28703.76112,136400.2728,231,0.12,662,5.4,4.752,55115.5,36.67824074,15,0,180655,0.59,0.2,0.56,0,10001.96918,0,0,43.4375,91,72
1,0,0,1,4,2,0,2,1,2,0,4,1,0,3,3,1,3,0,2021,181.8510638,28703.76112,155344.7552,231,0.1,740,6.15,5.412,55115.5,30,16,0,165236,1.24,0.18,0.52,0,10001.96918,0,0,47.2812,82,69
1,0,0,0,3,3,0,2,1,0,0,3,1,0,3,3,1,3,0,2021,105.1787234,28703.76112,89670.54974,231,0.1,428,3.55,3.124,55115.5,29.6712963,16,0,123015,1.24,0.54,0.62,0,3449.82,0,0,28.8438,83,67
1,0,0,0,3,3,0,2,2,0,4,0,1,0,3,3,1,3,0,2021,227.0680851,28703.76112,190455.1958,231,0.12,924,7.54,6.6352,55115.5,29.6712963,15,0,260735.5,0.19,1.46,0.8,0,1733.5,0,0,71.73275,93,76
1,0,0,0,3,3,0,2,2,0,4,0,1,0,3,3,1,3,0,2021,95.84042553,28703.76112,80324.60512,231,0.12,390,3.18,2.7984,55115.5,29.6712963,16,0,128586,0.58,0.79,0.71,0,747.3,0,0,32.2733,93,75
1,0,0,0,3,3,0,2,2,0,4,0,1,0,3,3,1,3,0,2021,199.5446809,28703.76112,170500.3411,231,0.1,812,6.75,5.94,55115.5,29.6712963,16,0,221964,0.38,1.45,0.74,0,6129,0,0,51.975,85,63
1,0,0,1,2,4,0,2,1,2,0,3,1,0,3,3,1,3,0,2021,169.3180851,28703.76112,144483.252,231,0.1,689,5.72,5.0336,55115.5,17.99305556,16,0,159496,0.74,0.84,0.74,0,5193.76,0,0,44.044,79,61
1,0,0,1,0,1,0,2,1,3,0,4,1,0,3,3,1,3,0,2021,39.31914894,28703.76112,33594.88201,231,0.1,160,1.33,1.1704,55115.5,17.99305556,16,0,33724,0.64,1.65,0.75,0,1207.64,0,0,10.241,79,60
1,0,0,1,2,2,0,2,5,3,2,4,1,0,3,3,1,3,0,2021,82.81595745,28703.76112,70726.0674,231,0.1,337,2.8,2.464,55115.5,25,16,0,107066,0.29,0.62,0.61,0,2591.68,0,0,15.6772,80,72
1,0,0,1,2,2,0,2,1,3,0,1,1,0,3,3,1,3,0,2021,76.67234043,28703.76112,64158.64686,231,0.12,312,2.54,2.2352,55115.5,36.67824074,16,0,151058,0.34,1.793169399,0.72,0,474.98,0,0,25.6972,93,73
1,0,0,0,3,3,0,2,1,1,0,1,1,0,3,3,1,4,0,2021,158.9968085,28703.76112,133369.1557,231,0.12,647,5.28,4.6464,55115.5,20,16,0,260323,0.23,1.793169399,0.7,0,983.62,0,0,53.2154,93,71
1,0,0,2,2,2,0,2,2,0,4,0,1,0,3,3,1,3,0,2021,137.862766,28703.76112,115687.6388,231,0.12,561,4.58,4.0304,55115.5,25,16,0,236831,0.34,1.793169399,0.83,0,856.46,0,0,46.3358,94,71
1,0,0,2,2,4,0,2,1,3,0,3,1,0,3,3,1,3,0,2021,135.8968085,28703.76112,113919.4871,231,0.12,553,4.51,3.9688,55115.5,35,16,0,252655,0.39,1.793169399,0.74,0,843.37,0,0,45.6277,94,70
1,0,0,2,2,4,0,2,1,3,0,3,1,0,3,3,1,3,0,2021,238.9787234,43055.64168,217861.5469,288,0.03,780,5.75,5.06,29762.37,35,16,0,102482,1.24,0,0.22,0.19,3478.75,0,0,59.5355,64,67
1,0,0,0,3,3,0,2,1,3,0,4,1,0,3,3,1,3,0,2021,238.9787234,43055.64168,217861.5469,288,0.03,780,5.75,5.06,29762.37,20,16,0,159511,1.24,0,0.47,0.23,3478.75,0,0,55.4186,65,67
1,0,0,0,3,3,0,2,1,3,0,4,1,0,3,3,1,3,0,2021,132.456383,28703.76112,116192.825,231,0.07,539,4.6,4.048,55115.5,20,16,0,183806,0.98,1.66,0.28,0,2806,0,0,22.8758,86,72
1,0,0,0,3,3,0,2,1,3,0,4,1,0,3,3,1,3,0,2021,132.456383,28703.76112,116192.825,231,0.07,539,4.6,4.048,55115.5,20,16,0,260735.5,0.07,1.01,0.44,0,2783,0,0,38.1708,99,91
1,0,0,0,3,3,0,2,1,3,0,4,1,0,3,3,1,3,0,2021,59.71595745,28703.76112,52286.77126,231,0.07,243,2.07,1.8216,55115.5,20,16,0,133959,0.47,0.91,0.37,0,1252.35,0,0,17.3156,103,82
1,1,0,1,2,2,1,1,1,3,2,1,2,2,5,0,3,3,0,2022,117.45,28703.76112,100279.4598,200,0.1,552,3.97,3.49,55115.5,29.6712963,14.04779412,0,163009,0.33,0.69,0.57,0,0,0,0,2.0938,84,77
1,1,0,0,3,3,0,2,8,3,3,4,0,2,2,0,3,3,0,2022,91.7,28703.76112,78303.86034,200,0.1,431,3.1,2.73,55115.5,29.6712963,16,0,178541,0.35,0.37,0.41,0.01,0,0,0,1.7125,82,76
1,1,0,0,3,3,0,2,8,3,3,4,0,2,2,0,3,3,0,2022,157.45,28703.76112,132106.1902,200,0.12,740,5.23,4.6,55115.5,29.6712963,16,0,219378,0.17,0.83,0.58,0,0,0,0,2.6938,91,84
1,1,0,0,3,3,0,2,1,2,3,1,0,3,0,4,3,3,4,2022,164.53,43055.64168,145872.514,288,0.06,537,3.85,3.39,29762.37,29.6712963,16,0,90955,0.55,0,0.28,0.16,2792.0323,0,0,28.9143,66,55
1,1,0,0,3,3,0,2,1,2,3,1,0,3,0,4,3,3,4,2022,157.48,43055.64168,139431.39,288,0.06,514,3.68,3.24,29762.37,29.6712963,16,0,107361,0.37,0,0.22,0.14,2900.8331,0,0,31.2761,65,53
1,1,0,0,3,3,0,2,1,2,3,1,0,3,0,4,3,3,4,2022,133.89,43055.64168,118592.4594,288,0.06,437,3.13,2.75,29762.37,29.6712963,16,0,78110,0.35,0,0.38,0.17,2721.9314,0,0,19.5417,65,39
1,1,0,0,3,3,0,2,1,2,3,1,0,3,0,4,3,3,4,2022,175.25,43055.64168,155344.7552,288,0.06,572,4.1,3.61,29762.37,29.6712963,16,0,87153,0.86,0,0.33,0.12,2709.0903,0,0,38.0329,66,39
1,1,0,0,3,3,0,2,1,3,1,4,0,3,0,4,3,3,4,2022,119.49,43055.64168,105710.2115,288,0.06,390,2.79,2.46,29762.37,29.6712963,15,0,56201,0.31,0,0.18,0.17,2773.9082,0,0,31.6434,65,69
1,1,0,0,3,3,0,2,1,3,1,4,0,3,0,4,3,3,4,2022,136.03,43055.64168,120486.9077,288,0.06,444,3.18,2.8,29762.37,29.6712963,15,0,53964,0.58,0,0.38,0.13,2391.7171,0,0,32.4058,64,71
1,1,0,0,3,3,3,1,1,3,2,1,2,2,5,0,3,3,2,2022,202.21,43055.64168,179214.8029,288,0.06,660,4.73,4.16,29762.37,29.6712963,15,0,123366,0.39,0,0.22,0.16,3439.356,0,0,36.0669,64,64
1,1,0,0,3,3,0,2,1,2,0,3,0,2,1,0,2,3,1,2022,232.54,43055.64168,206115.9679,288,0.06,759,5.44,4.79,29762.37,29.6712963,16,0,99834,0.58,0,0.11,0.2,4080.6107,0,0,43.6032,64,63
1,1,0,0,3,3,0,2,1,3,1,0,1,0,3,3,3,4,1,2022,212.94,43055.64168,188687.0441,288,0.06,695,4.98,4.38,29762.37,29.6712963,16,0,93541,0.49,0,0.26,0.15,3735.5591,0,0,38.5475,63,69
1,1,0,0,3,3,0,2,1,3,2,1,2,2,5,0,3,3,2,2022,234.38,43055.64168,207631.5264,288,0.06,765,5.48,4.82,29762.37,29.6712963,14.04779412,0,74243,0.49,0,0.11,0.14,4146.2352,0,0,38.4558,62,84
1,1,0,1,2,2,1,1,1,3,2,4,2,3,5,0,3,3,2,2022,183.52,43055.64168,162543.6585,288,0.06,599,4.29,3.78,29762.37,29.6712963,14,0,45883,0.46,0,0.04,0.18,3245.8666,0,0,30.6956,62,83
1,1,0,0,3,3,0,2,1,3,2,4,1,0,3,3,0,3,2,2022,173.19,28703.76112,145241.0313,200,0.12,814,5.75,5.06,55115.5,29.6712963,14.04779412,0,205938,0.8,0.55,0.29,0,5511.375,0,0,40.25,83,73
1,1,0,1,2,2,1,1,1,3,2,1,2,2,5,0,3,0,0,2022,130.43,28703.76112,111393.5562,200,0.1,613,4.41,3.88,55115.5,29.6712963,14.04779412,0,257183,0.67,0.44,0.39,0,4226.985,0,0,37.161,75,67
1,1,0,0,3,3,0,2,8,3,3,4,0,2,2,0,3,3,0,2022,164.47,28703.76112,140441.7624,200,0.1,773,5.56,4.89,55115.5,29.6712963,16,0,213830,0.64,0.61,0.38,0,5329.26,0,0,47.816,77,68
1,1,0,0,3,3,0,2,8,3,3,4,0,2,2,0,3,3,0,2022,158.94,28703.76112,133369.1557,200,0.12,747,5.28,4.65,55115.5,29.6712963,16,0,170488,0.92,0.18,0.4,0,5060.88,0,0,44.388,84,71
0,1,0,0,3,3,0,2,1,3,3,1,1,0,3,3,3,3,2,2022,244.19,43055.64168,216345.9883,288,0.06,797,5.71,5.02,24250.82,29.6712963,16,0,54187,1.24,0,0.34,0.16,6679.8624,0,0,26.2754,62,63
0,1,0,0,3,3,0,2,1,3,0,3,1,0,3,3,3,3,0,2022,312.2,57407.52224,276842.0353,288,0.06,1019,5.48,4.82,24250.82,29.6712963,16,0,66983,1.24,0,0.24,0.2,6379.4586,0,0,42.3125,62,69
0,1,0,0,3,3,0,2,8,3,3,4,4,1,1,2,1,3,2,2022,220.6,43055.64168,195507.0577,288,0.06,720,5.16,4.54,24250.82,29.6712963,16,0,60310,1.24,0,0.28,0.22,5989.6208,0,0,41.8421,61,67
0,1,0,0,3,3,0,2,1,3,0,4,0,2,1,2,2,3,1,2022,143.62,28703.76112,120486.9077,200,0.12,675,4.77,4.2,44092.4,29.6712963,14,0,242875,0.29,0.29,0.38,0,9087.2887,0,0,4.1827,87,89
0,1,0,1,2,2,3,1,1,3,7,4,1,0,3,3,2,3,1,2022,163.83,28703.76112,137410.6452,200,0.12,770,5.44,4.79,44092.4,29.6712963,14,0,200430,0.43,0.8,0.63,0,10001.96918,0,0,4.7702,88,95
0,1,1,2,4,2,3,1,1,3,7,3,1,0,3,3,2,3,1,2022,205.74,28703.76112,172521.0858,200,0.12,967,6.83,6.01,44092.4,29.6712963,14.04779412,0,250401,0.75,0.43,0.55,0,10001.96918,0,0,5.9889,84,103
0,1,0,0,3,3,0,2,1,3,2,4,1,0,3,3,2,3,1,2022,145.74,28703.76112,124528.3972,200,0.1,685,4.93,4.34,44092.4,29.6712963,15,0,201706,0.39,0.54,0.55,0,9814.8785,0,0,4.3229,76,99
0,1,0,0,3,3,0,2,1,3,2,4,1,0,3,3,2,3,1,2022,145.53,28703.76112,122002.4663,200,0.12,684,4.83,4.25,44092.4,29.6712963,15,0,247024,0.34,0.48,0.53,0,9641.485,0,0,4.2353,83,105
0,1,0,1,0,2,1,1,1,3,2,3,5,3,4,4,3,3,0,2022,145.32,28703.76112,124023.211,200,0.1,683,4.91,4.32,44092.4,29.6712963,14.04779412,0,160292,0.32,0.14,0.38,0.01,0,0,0,0,79,89
0,1,0,1,0,2,3,1,1,3,3,1,5,3,4,4,3,3,0,2022,153.62,28703.76112,128822.4799,200,0.12,722,5.1,4.49,44092.4,29.6712963,14.04779412,0,144688,0.36,0.44,0.51,0,0,0,0,0,89,101
0,1,0,0,3,3,0,2,1,3,2,3,5,3,4,4,3,3,0,2022,117.87,28703.76112,98763.90126,200,0.12,554,3.91,3.44,44092.4,29.6712963,16,0,139884,0.42,0.19,0.43,0,0,0,0,0,90,88
0,1,0,1,0,2,0,2,1,3,2,3,5,3,4,4,3,3,0,2022,0,28703.76112,114815.0445,200,0.1,632,4,4,44092.4,29.6712963,16,0,142507,0.96,0.9,0.32,0,10001.96918,0,0,8.656,79,80
0,1,0,0,3,3,0,2,1,2,2,1,1,0,3,3,0,4,1,2022,147.68,43055.64168,130716.9281,288,0.06,482,3.45,3.04,24250.82,29.6712963,13,0,61696,0.72,0,0.18,0.11,17.25,0,0,0,69,74
0,1,0,2,4,2,2,0,1,3,2,4,1,0,3,3,3,0,0,2022,219.68,43055.64168,194749.2784,288,0.06,717,5.14,4.52,24250.82,29.6712963,14,0,102033,0.51,0,0.94,0.17,25.7,0,0,0,68,69
0,1,0,2,4,2,2,0,1,3,2,4,1,0,3,3,3,0,0,2022,175.25,43055.64168,155344.7552,288,0.06,572,4.1,3.61,24250.82,29.6712963,14,0,79006,0.18,0,0.46,0.11,20.5,0,0,0,68,67
0,1,0,2,4,2,2,0,1,3,2,4,1,0,3,3,3,0,0,2022,228.26,43055.64168,202327.0714,288,0.06,745,5.34,4.7,24250.82,29.6712963,14,0,105124,0.3,0,0.54,0.1,26.7,0,0,0,68,66
0,1,0,2,4,2,2,0,1,3,2,4,1,0,3,3,3,0,0,2022,175.25,43055.64168,155344.7552,288,0.06,572,4.1,3.61,24250.82,29.6712963,14,0,53431,0.89,0,0.57,0.15,20.5,0,0,0,68,67
0,1,0,0,3,3,0,2,1,2,2,1,1,0,3,3,0,4,1,2022,170.66,43055.64168,151176.9691,288,0.06,557,3.99,3.51,24250.82,29.6712963,13,0,50976,0.99,0,0.6,0.11,19.95,0,0,0,67,65
0,1,0,0,3,3,0,2,1,3,2,3,1,0,3,3,3,4,1,2022,168.51,43055.64168,149282.5208,288,0.06,550,3.94,3.47,24250.82,29.6712963,13,0,73114,0.97,0,0.19,0.14,240.534,0,0,15.0794,67,71
0,1,0,2,4,2,2,0,1,3,2,4,2,2,5,4,3,0,0,2022,170.66,43055.64168,151176.9691,288,0.06,557,3.99,3.51,24250.82,29.6712963,13,0,10860,0.79,0,0.34,0.07,203.49,0,0,6.8948,67,75
0,1,0,0,3,3,0,2,1,3,0,3,0,2,1,0,0,4,3,2022,175.25,43055.64168,155344.7552,288,0.06,572,4.1,3.61,24250.82,29.6712963,13,0,111639.9727,0.546302368,0.71726776,1.101621129,0.106539162,209.1,0,0,7.0848,67,33.75
0,1,0,0,3,3,0,2,2,0,4,0,1,0,3,3,1,4,0,2022,178.62,43055.64168,158375.8724,288,0.06,583,4.18,3.68,24250.82,29.6712963,8.5,0,111639.9727,0.546302368,0.71726776,1.101621129,0.106539162,158.84,0,0,11.1355,66,33.75
0,1,0,0,3,3,0,2,1,3,0,3,1,0,3,3,2,3,1,2022,180.46,43055.64168,159891.4309,288,0.06,589,4.22,3.71,24250.82,29.6712963,11,0,111639.9727,0.546302368,0.71726776,1.101621129,0.106539162,160.36,0,0,11.2421,66,33.75
0,1,0,1,2,2,0,2,1,3,0,4,1,0,3,3,2,3,1,2022,260.73,43055.64168,231122.6845,288,0.06,851,6.1,5.37,24250.82,29.6712963,13,0,93149,0.36,0,0.56,0.1,2610.8,0,0,2.2204,69,69
0,1,0,0,3,3,0,2,1,2,0,1,1,0,3,3,2,3,0,2022,260.73,43055.64168,231122.6845,288,0.06,851,6.1,5.37,24250.82,29.6712963,12,0,105377,0.19,0,0.54,0.1,2610.8,0,0,2.2204,68,67
0,1,0,2,2,2,0,2,1,3,0,3,1,0,3,3,2,3,0,2022,212.63,43055.64168,188308.1545,288,0.06,694,4.97,4.37,24250.82,29.6712963,14,0,77812,0.36,0,0.43,0.09,2127.16,0,0,1.8091,68,66
0,1,0,4,2,2,0,2,1,3,0,3,1,0,3,3,2,3,1,2022,274.52,43055.64168,243247.1532,288,0.06,896,6.42,5.65,24250.82,29.6712963,13,0,79573,0.41,0,0.42,0.12,2728.5,0,0,2.3369,68,64
0,1,0,0,3,3,0,2,1,3,2,3,1,0,3,3,3,4,0,2022,192.41,43055.64168,170500.3411,288,0.06,628,4.5,3.96,24250.82,29.6712963,13,0,38304,0.41,0,0.53,0.09,184.5,0,0,3.276,67,66
0,1,0,0,3,3,0,2,1,3,2,3,1,0,3,3,3,0,0,2022,185.06,43055.64168,164059.2171,288,0.06,604,4.33,3.81,24250.82,29.6712963,13,0,25958,0.24,0,0.42,0.09,177.53,0,0,3.1522,67,65
0,1,0,0,3,3,0,2,1,3,2,3,1,0,3,3,3,4,0,2022,184.44,43055.64168,163301.4378,288,0.06,602,4.31,3.79,24250.82,29.6712963,13,0,111639.9727,0.546302368,0.71726776,1.101621129,0.106539162,176.71,0,0,3.1378,67,33.75
0,1,0,0,3,3,0,2,1,3,2,3,1,0,3,3,3,4,0,2022,201.29,43055.64168,178457.0236,288,0.06,657,4.71,4.14,24250.82,29.6712963,13,0,111639.9727,0.546302368,0.71726776,1.101621129,0.106539162,193.11,0,0,3.4288,66,33.75
0,1,0,2,5,2,3,0,1,3,5,4,1,0,3,3,2,0,0,2022,158.09,28703.76112,132611.3764,200,0.12,743,5.25,4.62,44092.4,29.6712963,14.04779412,0,224052,0.42,0.62,0.32,0.01,173.25,0,0,28.686,88,87
0,1,0,0,3,3,0,2,1,1,0,1,1,0,3,3,3,0,5,2022,164.04,28703.76112,137663.2383,200,0.12,771,5.45,4.8,44092.4,29.6712963,8.5,0,225417,0.28,0.81,0.35,0,179.85,0,0,29.7788,86,90
0,1,0,0,3,3,0,2,1,3,0,3,0,2,2,0,4,4,3,2022,97.45,28703.76112,83103.12919,200,0.1,458,3.29,2.9,44092.4,29.6712963,13,0,135264,0.42,0.46,0.76,0,108.57,0,0,17.9766,82,76
1,1,0,2,5,4,3,0,1,3,5,4,1,0,3,3,2,3,0,2022,0,7175.94028,0,145.5,0,65.5,1,1,29762.37,29.6712963,13,0,34068,0.77,0,1.2,0.16,0,0,0,0,36.5,119.75
1,1,0,2,2,2,0,2,1,3,3,1,1,0,3,3,3,3,0,2022,194.04,28703.76112,165701.0722,200,0.1,912,6.56,5.77,55115.5,29.6712963,16,0,260735.5,0.18,0.91,0.46,0,0,0,0,3.7884,86,77
1,1,0,4,5,4,2,1,1,3,2,3,1,0,3,3,3,4,1,2022,181.06,28703.76112,154586.9759,200,0.1,851,6.12,5.39,55115.5,29.6712963,15,0,209360,0.28,1.1,0.47,0,0,0,0,3.35,86,74
1,1,0,1,2,5,0,2,1,3,3,1,5,3,4,4,3,3,0,2022,242.55,28703.76112,207126.3402,200,0.1,1105.5,7.905,6.8904,55115.5,29.6712963,16,0,260735.5,0.87,1.24,0.47,0,0,0,0,4.6813,87,78
1,1,0,1,0,2,0,2,1,3,2,3,1,0,3,3,3,4,0,2022,51,43056,44709,288,0.06,165,1.18,1.18,29762.37,29.6712963,16,0,63192,0.4,0,0.36,0.24,3.54,0,0,7.493,64,55
1,1,0,1,0,2,0,2,1,3,2,3,1,0,3,3,3,4,0,2022,157,43056,139053,288,0.06,512,3.67,3.67,29762.37,29.6712963,16,0,9591,1.02,0,0.08,0.23,11.01,0,0,21.5495,64,74
1,1,0,0,3,3,0,2,1,3,2,4,1,0,3,3,3,4,1,2022,170.96,43055.64168,151555.8587,288,0.06,558,4,3.52,29762.37,29.6712963,16,0,71228,0.9,0,0.22,0.23,127.4,0,0,20.255,67,56
1,1,0,0,3,3,0,2,1,3,2,4,1,0,3,3,3,4,1,2022,177.09,43055.64168,156860.3138,288,0.06,578,4.14,3.64,29762.37,29.6712963,16,0,107283,0.25,0,0.27,0.27,131.9,0,0,17.9132,66,54
1,1,0,0,3,3,2,0,1,3,7,3,1,0,3,3,2,3,0,2022,175.86,43055.64168,155723.6448,288,0.06,574,4.11,3.62,29762.37,29.6712963,15,0,114135,0.38,0,0.4,0.22,132.05,0,0,14.733,65,63
1,1,0,0,3,3,2,0,1,3,7,3,1,0,3,3,2,3,0,2022,175.25,43055.64168,155344.7552,288,0.06,572,4.1,3.61,29762.37,29.6712963,15,0,88024,0.72,0,0.26,0.22,111,0,0,28.0257,64,66
1,1,0,0,3,3,2,0,1,3,7,3,1,0,3,3,2,3,0,2022,180.15,43055.64168,159512.5413,288,0.06,588,4.21,3.7,29762.37,29.6712963,15,0,89263,0.77,0,0.1,0.21,33.68,0,0,24.418,55,59
1,1,0,0,3,3,0,2,1,3,0,1,1,0,3,3,3,3,0,2022,167.59,43055.64168,148524.7415,288,0.06,547,3.92,3.45,29762.37,29.6712963,13,0,45479,1.24,0,0.2,0.29,31.36,0,0,22.736,54,53
1,1,0,0,3,3,0,2,1,2,0,1,1,0,3,3,3,3,0,2022,167.59,43055.64168,148524.7415,288,0.06,547,3.92,3.45,29762.37,29.6712963,13,0,67791,0.59,0,0.3,0.25,31.36,0,0,44.296,64,64
1,1,0,0,3,3,0,2,1,0,7,1,1,0,3,3,2,3,0,2022,213.86,43055.64168,189444.8234,288,0.06,698,5,4.4,29762.37,29.6712963,13,0,118997,1.24,0,0.1,0.14,40,0,0,41.5,64,55
1,1,0,0,3,3,0,2,1,3,0,3,1,0,3,3,3,0,0,2022,167.29,43055.64168,148145.8519,288,0.06,546,3.91,3.44,29762.37,29.6712963,13,0,118342,0.29,0,0.52,0.18,551.31,0,0,30.5803,64,64
1,1,0,0,3,3,0,2,1,2,0,1,1,0,3,3,3,0,0,2022,167.29,43055.64168,148145.8519,288,0.06,546,3.91,3.44,29762.37,29.6712963,14,0,99974,0.4,0,0.92,0.1,557.175,0,0,34.4902,68,72
1,1,0,0,3,3,0,2,1,3,2,4,1,0,3,3,3,3,2,2022,167.29,43055.64168,148145.8519,288,0.06,546,3.91,3.44,29762.37,29.6712963,13,0,137736,0.33,0,0.26,0.09,557.175,0,0,33.1215,66,66
1,1,0,0,3,3,0,2,3,2,7,1,1,0,3,3,3,1,0,2022,167.29,43055.64168,148145.8519,288,0.06,546,3.91,3.44,29762.37,29.6712963,14,0,115010,0.36,0,0.3,0.08,557.175,0,0,30.5136,64,70
1,1,0,0,3,3,0,2,3,2,7,1,1,0,3,3,3,1,0,2022,167.29,43055.64168,148145.8519,288,0.06,546,3.91,3.44,29762.37,29.6712963,14,0,173702,0.46,0,0.5,0.08,574.77,0,0,32.7935,65,71
1,1,0,1,0,2,1,1,1,3,2,3,5,3,4,4,3,3,0,2022,115.32,28703.76112,96743.15648,200,0.12,542,3.83,3.37,55115.5,29.6712963,14.04779412,0,178817,0.61,1.39,0.23,0,2154.375,0,0,14.7723,83,88
1,1,0,1,0,2,1,1,1,3,2,3,5,3,4,4,3,3,0,2022,113.4,28703.76112,96743.15648,200,0.1,533,3.83,3.37,55115.5,29.6712963,14.04779412,0,175977,0.47,0.57,0.4,0.01,2223.315,0,0,16.8865,80,79
1,1,0,1,0,2,1,1,1,3,2,3,5,3,4,4,3,3,0,2022,115.32,28703.76112,96743.15648,200,0.12,542,3.83,3.37,55115.5,29.6712963,14.04779412,0,200725,0.28,0.68,0.44,0,1784.78,0,0,14.9716,91,94
1,1,0,0,3,3,0,2,1,3,0,3,1,0,3,3,3,0,0,2022,185.97,44927.6261,164747.8078,288,0.06,607,4.17,3.67,29762.37,29.6712963,13,0,134715,0.34,0,0.59,0.1,2973.21,0,0,16.1087,66,69
1,1,0,0,3,3,0,2,1,3,0,3,1,0,3,3,3,0,0,2022,185.97,44927.6261,164747.8078,288,0.06,607,4.17,3.67,29762.37,29.6712963,13,0,124214,0.31,0,0.69,0.11,2973.21,0,0,18.3229,64,68
1,1,0,0,3,3,0,2,1,3,0,3,1,0,3,3,3,0,0,2022,185.97,44927.6261,164747.8078,288,0.06,607,4.17,3.67,29762.37,29.6712963,13,0,124054,0.49,0,0.12,0.13,2973.21,0,0,13.6525,67,70
1,1,0,0,3,3,0,2,1,3,0,3,1,0,3,3,3,0,0,2022,185.97,44927.6261,164747.8078,288,0.06,607,4.17,3.67,29762.37,29.6712963,13,0,109536,0.3,0,0.07,0.12,2973.21,0,0,14.5658,65,75
1,1,0,0,3,3,0,2,1,3,0,3,1,0,3,3,3,0,0,2022,185.97,44927.6261,164747.8078,288,0.06,607,4.17,3.67,29762.37,29.6712963,13,0,98379,0.35,0,0.06,0.12,2973.21,0,0,15.6791,64,69
1,1,0,0,3,3,0,2,1,3,0,3,1,0,3,3,3,0,0,2022,185.97,44927.6261,164747.8078,288,0.06,607,4.17,3.67,29762.37,29.6712963,13,0,127569,0.36,0,0.25,0.11,2973.21,0,0,15.6791,65,69
1,1,0,1,0,2,1,1,1,3,2,3,5,3,4,4,3,3,0,2022,155.74,28703.76112,130590.6316,200,0.12,732,5.17,4.55,55115.5,29.6712963,14.04779412,0,186981,0.43,0.52,0.45,0,2755.61,0,0,15.1222,84,91
1,1,0,1,0,2,1,1,1,3,2,3,5,3,4,4,3,3,0,2022,152.98,28703.76112,130590.6316,200,0.1,719,5.17,4.55,55115.5,29.6712963,14.04779412,0,166213,1.24,1.793169399,0.27,0.03,2755.61,0,0,15.1222,77,75
1,1,0,1,0,2,1,1,1,3,2,3,5,3,4,4,3,3,0,2022,155.74,28703.76112,130590.6316,200,0.12,732,5.17,4.55,55115.5,29.6712963,14.04779412,0,198769,0.44,0.79,0.4,0.01,2755.61,0,0,15.1222,91,86
1,1,0,0,3,3,0,2,1,2,2,1,1,0,3,3,0,4,1,2022,167.29,43055.64168,148145.8519,288,0.06,546,3.91,3.44,29762.37,29.6712963,13,0,101433,0.51,0,0.5,0.06,574.77,0,0,32.793,65,72
1,1,0,0,3,3,0,2,1,3,0,3,1,0,3,3,3,0,0,2022,167.29,43055.64168,148145.8519,288,0.06,546,3.91,3.44,29762.37,29.6712963,13,0,135278,0.29,0,0.36,0.15,551.31,0,0,30.5801,64,63
1,1,0,0,3,3,0,2,1,3,0,3,1,0,3,3,3,0,0,2022,167.29,43055.64168,148145.8519,288,0.06,546,3.91,3.44,29762.37,29.6712963,13,0,152200,0.41,0,0.23,0.1,557.175,0,0,34.4901,67,69
1,1,0,0,3,3,0,2,1,3,0,3,1,0,3,3,3,0,0,2022,167.29,43055.64168,148145.8519,288,0.06,546,3.91,3.44,29762.37,29.6712963,13,0,126177,0.36,0,0.45,0.1,557.175,0,0,33.1219,65,68
1,1,0,0,3,3,0,2,1,3,0,3,1,0,3,3,3,0,0,2022,167.29,43055.64168,148145.8519,288,0.06,546,3.91,3.44,29762.37,29.6712963,13,0,135998,0.43,0,0.06,0.1,557.175,0,0,30.5139,64,68
1,1,0,1,0,2,1,1,1,3,2,3,5,3,4,4,3,3,0,2022,115.32,28703.76112,96743.15648,200,0.12,542,3.83,3.37,55115.5,29.6712963,14.04779412,0,222410,0.23,0.82,0.61,0,2154.375,0,0,14.7725,85,96
1,1,0,1,0,2,1,1,1,3,2,3,5,3,4,4,3,3,0,2022,115.32,28703.76112,96743.15648,200,0.12,542,3.83,3.37,55115.5,29.6712963,14.04779412,0,180081,0.31,1.01,0.65,0,2223.315,0,0,16.8866,89,96
1,1,0,1,0,2,1,1,1,3,2,3,5,3,4,4,3,3,0,2022,113.4,28703.76112,96743.15648,200,0.1,533,3.83,3.37,55115.5,29.6712963,14.04779412,0,142533,1.24,1.793169399,0.65,0,1784.78,0,0,14.9715,78,70
1,1,0,1,0,2,1,1,1,3,2,3,5,3,4,4,3,3,0,2022,81.7,32291.73126,68484.30366,200,0.12,384,2.41,2.12,55115.5,29.6712963,14.04779412,0,96154,0.37,0.89,0.44,0,1441.18,0,0,16.4675,84,79
1,1,0,1,0,2,1,1,1,3,2,3,5,3,4,4,3,3,0,2022,81.7,32291.73126,68484.30366,200,0.12,384,2.41,2.12,55115.5,29.6712963,14.04779412,0,114072,0.45,0.88,0.45,0,1441.18,0,0,16.4675,87,86
1,1,0,1,0,2,1,1,1,3,2,3,5,3,4,4,3,3,0,2022,80.21,32291.73126,68484.30366,200,0.1,377,2.41,2.12,55115.5,29.6712963,14.04779412,0,120355,0.45,1.14,1.1,0,1441.18,0,0,16.4675,84,88
1,1,0,1,0,2,1,1,1,3,2,3,5,3,4,4,3,3,0,2022,80.21,32291.73126,68484.30366,200,0.1,377,2.41,2.12,55115.5,29.6712963,14.04779412,0,136282,0.54,0.67,0.63,0,1441.18,0,0,16.4676,83,88
1,1,0,0,3,3,0,2,1,3,0,3,1,0,3,3,3,0,0,2022,98.35,43055.64168,86972.39619,288,0.06,321,2.02,2.02,29762.37,29.6712963,13,0,159835,0.38,0,0.32,0.07,1717,0,0,12.4554,61,72
1,1,0,0,3,3,0,2,1,3,0,3,1,0,3,3,3,0,0,2022,98.35,43055.64168,86972.39619,288,0.06,321,2.02,2.02,29762.37,29.6712963,13,0,177494,0.29,0,0.19,0.07,1708.5,0,0,12.3936,64,81
1,1,0,0,3,3,0,2,1,3,0,3,1,0,3,3,3,4,0,2022,196.7,43055.64168,174375.3488,288,0.06,642,4.05,4.05,29762.37,29.6712963,13,0,111639.9727,0.546302368,0.71726776,1.101621129,0.106539162,0,0,0,0,65,33.75
1,1,0,0,3,3,0,2,1,3,0,3,1,0,3,3,3,4,0,2022,196.7,43055.64168,174375.3488,288,0.06,642,4.05,4.05,29762.37,29.6712963,13,0,111639.9727,0.546302368,0.71726776,1.101621129,0.106539162,0,0,0,0,65,33.75
1,1,0,1,0,2,1,1,1,3,2,3,5,3,4,4,3,3,0,2022,180,28703.76112,150981.7835,200,0.12,846,5.26,5.26,55115.5,29.6712963,14.04779412,0,184891,0.69,1.2,0.25,0.01,0,0,0,7.89,84,99
1,1,0,1,0,2,1,1,1,3,2,3,5,3,4,4,3,3,0,2022,180,28703.76112,150981.7835,200,0.12,846,5.26,5.26,55115.5,29.6712963,14.04779412,0,217374,0.49,0.88,0.37,0.01,0,0,0,7.89,90,92
1,1,0,0,3,3,0,2,1,3,0,3,1,0,3,3,3,3,0,2022,0,7175.94028,0,145.5,0,65.5,1,1,29762.37,29.6712963,13,0,3030,1.24,0,1.05,0.15,0,0,0,0,36.5,119.75
1,1,0,0,3,3,0,2,1,3,0,3,0,2,1,0,0,4,3,2022,238.67,43055.64168,211420.4229,288,0.06,779,5.58,4.91,29762.37,29.6712963,13,0,130748,0.39,0,0.68,0.18,3886.605,0,0,40.1172,66,48
1,1,0,0,3,3,0,2,2,0,4,0,1,0,3,3,1,0,0,2022,283.71,43055.64168,251582.7255,288,0.06,926,6.64,5.84,29762.37,29.6712963,8.5,0,154550,0.48,0,0.81,0.15,4624.9208,0,0,47.7378,66,58
1,1,0,0,3,3,0,2,1,3,0,3,1,0,3,3,2,3,1,2022,42.89,43055.64168,37888.96468,288,0.06,140,1,0.88,29762.37,29.6712963,11,0,22220,0.46,0,0.62,0.21,696.5242,0,0,7.1894,65,57
1,1,0,0,3,3,0,2,1,3,0,3,1,0,3,3,2,3,1,2022,303.93,57407.52224,269264.2423,288,0.06,992,5.33,4.69,29762.37,29.6712963,11,0,178551,0.69,0,2.45,0.08,5088.6243,0,0,36.9381,65,57
1,1,0,0,3,3,0,2,1,2,7,1,1,0,3,3,0,3,0,2022,278.2,43055.64168,246657.1601,288,0.06,908,6.51,5.73,29762.37,29.6712963,13,0,174804,0.38,0,0.72,0.11,6149.2458,0,0,38.638,65,57
1,1,0,1,4,2,0,2,1,2,7,1,0,1,2,0,0,3,0,2022,213.24,43055.64168,189065.9337,288,0.06,696,4.99,4.39,29762.37,29.6712963,13,0,131850,0.71,0,0.56,0.14,6180.9481,0,0,71.73275,64,58
1,1,0,1,2,2,0,2,1,3,0,3,1,0,3,3,2,0,0,2022,279.73,43055.64168,247793.829,288,0.06,913,6.54,5.76,29762.37,29.6712963,11,0,171729,0.3,0,0.43,0.26,5839.8318,0,0,42.6569,64,57
1,1,0,0,3,3,0,2,1,3,2,4,1,0,3,3,3,0,0,2022,177.66,28703.76112,149029.9277,200,0.12,835,5.9,5.19,55115.5,29.6712963,14,0,111602,0.21,1.02,1.04,0,3155.9159,0,0,22.0663,88,108
1,1,0,2,5,2,0,2,1,2,2,1,1,0,3,3,3,3,0,2022,133.19,28703.76112,113666.894,200,0.1,626,4.5,3.96,55115.5,29.6712963,13,0,260735.5,0.2,1.05,0.94,0.01,5601.1413,0,0,40.5044,81,100
1,1,0,0,3,3,1,0,1,2,0,1,1,0,3,3,3,3,0,2022,78.3,28703.76112,65674.20544,200,0.12,368,2.6,2.29,55115.5,29.6712963,13,0,260735.5,0.46,0.52,0.89,0,2633.0528,0,0,15.688,89,89
1,1,0,0,3,3,2,0,1,1,7,1,1,0,3,3,2,3,0,2022,136.81,28703.76112,114677.2664,200,0.12,643,4.54,4,55115.5,29.6712963,15,0,241479,0.61,1.31,1.11,0,4485.3012,0,0,35.1333,81,79
1,1,0,1,2,2,0,2,7,3,6,4,5,3,4,4,1,3,0,2022,120.21,28703.76112,100784.646,200,0.12,565,3.99,3.51,55115.5,29.6712963,16,0,215823,0.2,1.16,0.83,0,3718.1138,0,0,30.877,83,79
1,1,0,1,2,2,0,2,6,3,5,4,4,2,1,2,1,3,2,2022,135.11,28703.76112,115435.0457,200,0.1,635,4.57,4.02,55115.5,29.6712963,16,0,213338,0.46,0.49,0.59,0,4207.291,0,0,33.1458,76,71
1,1,0,1,2,2,0,2,5,2,2,4,5,3,4,4,1,3,0,2022,136.6,28703.76112,116698.0112,200,0.1,642,4.62,4.07,55115.5,29.6712963,16,0,228628,0.62,0.56,0.5,0,4432.2785,0,0,35.2466,78,72
1,1,0,0,3,3,0,2,1,3,0,3,1,0,3,3,3,0,0,2022,171.49,28703.76112,146503.9968,200,0.1,806,5.8,5.1,55115.5,29.6712963,16,0,260735.5,0.35,0.96,0.45,0.06,4612.7137,0,0,35.5882,88,98
1,1,0,1,0,2,0,2,1,3,0,3,1,0,3,3,3,0,0,2022,127.23,28703.76112,108615.0321,200,0.1,598,4.3,3.78,55115.5,29.6712963,16,0,212024,0.24,1.38,0.5,0,3418.3564,0,0,26.3836,95,99
1,1,0,0,3,3,0,2,1,3,2,3,1,0,3,3,2,3,0,2022,68.09,28703.76112,58096.41251,200,0.1,320,2.3,2.02,55115.5,29.6712963,16,0,85448,0.06,0.52,1.06,0.09,1955.4399,0,0,14.1091,104,119.75
1,1,0,0,3,3,0,2,1,3,2,1,1,0,3,3,3,0,0,2022,164.04,28703.76112,137663.2383,200,0.12,771,5.45,4.8,55115.5,29.6712963,16,0,226334,0.97,0.38,0.7,0,263.7285,0,0,12.5747,92,102
1,1,0,0,3,3,0,2,1,3,0,3,1,0,3,3,3,3,0,2022,176.81,28703.76112,151050.6725,200,0.1,831,5.98,5.26,55115.5,29.6712963,16,0,260735.5,0.64,0.28,0.97,0,289.3753,0,0,13.7976,83,89
1,1,0,2,0,2,0,2,1,3,0,3,1,0,3,3,3,3,0,2022,197.02,28703.76112,165195.886,200,0.12,926,6.54,5.76,55115.5,29.6712963,16,0,260735.5,0.4,0.66,0.89,0.03,316.2906,0,0,9.176,93,98
1,1,0,2,0,2,0,2,7,3,6,4,0,3,0,0,3,3,0,2022,75.96,28703.76112,63653.46066,200,0.12,357,2.52,2.22,55115.5,29.6712963,16,0,114257,0.77,1.13,0.54,0.04,122.0056,0,0,2.6117,93,97
1,1,0,4,5,2,0,2,5,3,2,4,0,3,0,0,3,3,0,2022,135.11,43055.64168,122002.4663,288,0.04,441,3.22,2.83,29762.37,29.6712963,16,0,123694,0.34,0,0.21,0.11,3268.3,0,0,32.3224,60,72
1,1,0,4,5,2,0,2,1,3,2,4,4,2,0,2,3,3,0,2022,231.63,43055.64168,209147.085,288,0.04,756,5.52,4.86,29762.37,29.6712963,16,0,111639.9727,0.546302368,0.71726776,1.101621129,0.106539162,5602.8,0,0,48.7857,65,33.75
1,1,0,4,5,2,0,2,5,3,5,4,0,3,1,0,3,3,0,2022,127.23,28703.76112,109625.4045,200,0.09,598,4.34,3.82,55115.5,29.6712963,16,0,223302,0.85,0.64,0.41,0,2734.2,0,0,17.6551,83,71
1,1,0,4,5,4,0,2,5,3,5,4,0,3,1,0,3,3,0,2022,127.23,28703.76112,109625.4045,200,0.09,598,4.34,3.82,55115.5,29.6712963,16,0,169875,0.18,0.66,0.69,0.01,5316.5,0,0,11.6095,86,100
1,1,0,4,5,4,0,2,5,3,5,4,0,3,1,0,3,3,0,2022,127.23,28703.76112,109625.4045,200,0.09,598,4.34,3.82,55115.5,29.6712963,16,0,232294,0.16,0.59,1.08,0.01,2907.8,0,0,4.8825,89,94
1,1,0,4,5,4,0,2,5,3,5,4,0,3,1,0,3,3,0,2022,63.62,28703.76112,54812.70223,200,0.09,299,2.17,1.91,55115.5,29.6712963,16,0,106008,1.24,1.66,0.43,0,1367.1,0,0,1.3562,77,72
